delete from standard_time;
delete from meet;
delete from time_standard;
delete from swim_season;

insert into swim_season (id, name, start_date, end_date) values (1, '2023-2024', '2023-09-12', '2024-06-25');

insert into time_standard (id, season, name, summary) 
values (1, 1, 'Western Ontario Swimming Association Standards', 'For western regional long and short course championships'),
       (2, 1, 'Swim Ontario Festival Standards', 'For Ontario Festivals'),
       (3, 1, 'Swim Ontario Youth-Junior Standards', 'For Ontario Youth Junior Championships'),
       (4, 1, 'Swim Ontario Swimming Championship Standards', 'For Ontario Swimming Championships'),
       (5, 1, 'Canadian Junior Championships Standards', 'For Canadian Junior Championships'),
       (6, 1, 'Canadian Swimming Championships Standards', 'For Canadian Swimming Championships'),
       (7, 1, 'Canadian Swimming Trials Standards', 'For Canadian Swimming Trials');

insert into meet (id, name, course, season, time_standard, age_date) 
values (1, 'Western Ontario Swimming Association (WOSA) Short Course Championships', 'SHORT', 1, 1, '2024-02-22'),
       (2, 'Western Ontario Swimming Association (WOSA) Long Course Championships', 'LONG', 1, 1, '2024-06-01'),
       (3, 'Ontario Festival Championships Winter', 'SHORT', 1, 2, '2024-02-17'),
       (4, 'Ontario Festival Championships Summer', 'LONG', 1, 2, '2024-06-14'),
       (5, 'Ontario Youth-Junior Championships (OYJ) Winter', 'LONG', 1, 3, '2024-02-15'),
       (6, 'Ontario Youth-Junior Championships (OYJ) Summer', 'LONG', 1, 3, '2024-06-13'),
       (7, 'Ontario Swimming Championships (OSC) Winter', 'LONG', 1, 4, '2024-02-29'),
       (8, 'Ontario Swimming Championships (OSC) Summer', 'LONG', 1, 4, '2024-07-04'),
       (9, 'Canadian Junior Championships (CSC)', 'LONG', 1, 5, '2024-07-24'),
       (10, 'Canadian Swimming Championships (CSC)', 'LONG', 1, 6, '2024-07-24'),
       (11, 'Canadian Swimming Trials', 'LONG', 1, 7, '2024-05-13');

insert into standard_time (time_standard, age, gender, course, stroke, distance, standard)
values (1, 10, 'FEMALE', 'SHORT', 'FREE',   50,  (0 * 60000) +  (41 * 1000) + (12 * 10)),
       (1, 10, 'FEMALE', 'SHORT', 'FREE',   100, (1 * 60000) +  (31 * 1000) + (18 * 10)),
       (1, 10, 'FEMALE', 'SHORT', 'FREE',   200, (3 * 60000) +  (20 * 1000) + (86 * 10)),
       (1, 10, 'FEMALE', 'SHORT', 'FREE',   400, (7 * 60000) +  (0 * 1000) +  (73 * 10)),
       (1, 10, 'FEMALE', 'SHORT', 'BACK',   100, (1 * 60000) +  (44 * 1000) + (29 * 10)),
       (1, 10, 'FEMALE', 'SHORT', 'BACK',   200, (3 * 60000) +  (45 * 1000) + (26 * 10)),
       (1, 10, 'FEMALE', 'SHORT', 'BREAST', 100, (1 * 60000) +  (58 * 1000) + (0 * 10)),
       (1, 10, 'FEMALE', 'SHORT', 'FLY',    100, (1 * 60000) +  (50 * 1000) + (24 * 10)),
       (1, 10, 'FEMALE', 'SHORT', 'MEDLEY', 100, (1 * 60000) +  (43 * 1000) + (53 * 10)),
       (1, 10, 'FEMALE', 'SHORT', 'MEDLEY', 200, (3 * 60000) +  (48 * 1000) + (69 * 10)),
       (1, 10, 'FEMALE', 'LONG', 'FREE',    50,  (0 * 60000) +  (41 * 1000) + (94 * 10)),
       (1, 10, 'FEMALE', 'LONG', 'FREE',    100, (1 * 60000) +  (33 * 1000) + (1 * 10)),
       (1, 10, 'FEMALE', 'LONG', 'FREE',    200, (3 * 60000) +  (24 * 1000) + (88 * 10)),
       (1, 10, 'FEMALE', 'LONG', 'FREE',    400, (7 * 60000) +  (9 * 1000) +  (14 * 10)),
       (1, 10, 'FEMALE', 'LONG', 'BACK',    100, (1 * 60000) +  (46 * 1000) + (37 * 10)),
       (1, 10, 'FEMALE', 'LONG', 'BACK',    200, (3 * 60000) +  (49 * 1000) + (77 * 10)),
       (1, 10, 'FEMALE', 'LONG', 'BREAST',  100, (2 * 60000) +  (0 * 1000) +  (36 * 10)),
       (1, 10, 'FEMALE', 'LONG', 'FLY',     100, (1 * 60000) +  (52 * 1000) + (44 * 10)),
       (1, 10, 'FEMALE', 'LONG', 'MEDLEY',  200, (3 * 60000) +  (53 * 1000) + (27 * 10)),
       (1, 11, 'FEMALE', 'SHORT', 'FREE',   50,  (0 * 60000) +  (36 * 1000) + (41 * 10)),
       (1, 11, 'FEMALE', 'SHORT', 'FREE',   100, (1 * 60000) +  (19 * 1000) + (64 * 10)),
       (1, 11, 'FEMALE', 'SHORT', 'FREE',   200, (2 * 60000) +  (54 * 1000) + (8 * 10)),
       (1, 11, 'FEMALE', 'SHORT', 'FREE',   400, (6 * 60000) +  (14 * 1000) + (22 * 10)),
       (1, 11, 'FEMALE', 'SHORT', 'FREE',   800, (12 * 60000) + (46 * 1000) + (79 * 10)),
       (1, 11, 'FEMALE', 'SHORT', 'BACK',   100, (1 * 60000) +  (31 * 1000) + (58 * 10)),
       (1, 11, 'FEMALE', 'SHORT', 'BACK',   200, (3 * 60000) +  (15 * 1000) + (68 * 10)),
       (1, 11, 'FEMALE', 'SHORT', 'BREAST', 100, (1 * 60000) +  (45 * 1000) + (81 * 10)),
       (1, 11, 'FEMALE', 'SHORT', 'BREAST', 200, (3 * 60000) +  (46 * 1000) + (40 * 10)),
       (1, 11, 'FEMALE', 'SHORT', 'FLY',    100, (1 * 60000) +  (35 * 1000) + (0 * 10)),
       (1, 11, 'FEMALE', 'SHORT', 'FLY',    200, (3 * 60000) +  (38 * 1000) + (44 * 10)),
       (1, 11, 'FEMALE', 'SHORT', 'MEDLEY', 200, (3 * 60000) +  (19 * 1000) + (82 * 10)),
       (1, 11, 'FEMALE', 'SHORT', 'MEDLEY', 400, (7 * 60000) +  (0 * 1000) +  (94 * 10)),
       (1, 11, 'FEMALE', 'LONG', 'FREE',    50,  (0 * 60000) +  (37 * 1000) + (14 * 10)),
       (1, 11, 'FEMALE', 'LONG', 'FREE',    100, (1 * 60000) +  (21 * 1000) + (24 * 10)),
       (1, 11, 'FEMALE', 'LONG', 'FREE',    200, (2 * 60000) +  (57 * 1000) + (55 * 10)),
       (1, 11, 'FEMALE', 'LONG', 'FREE',    400, (6 * 60000) +  (21 * 1000) + (70 * 10)),
       (1, 11, 'FEMALE', 'LONG', 'FREE',    800, (13 * 60000) + (2 * 1000) +  (13 * 10)),
       (1, 11, 'FEMALE', 'LONG', 'BACK',    100, (1 * 60000) +  (33 * 1000) + (41 * 10)),
       (1, 11, 'FEMALE', 'LONG', 'BACK',    200, (3 * 60000) +  (19 * 1000) + (60 * 10)),
       (1, 11, 'FEMALE', 'LONG', 'BREAST',  100, (1 * 60000) +  (47 * 1000) + (92 * 10)),
       (1, 11, 'FEMALE', 'LONG', 'BREAST',  200, (3 * 60000) +  (50 * 1000) + (93 * 10)),
       (1, 11, 'FEMALE', 'LONG', 'FLY',     100, (1 * 60000) +  (36 * 1000) + (89 * 10)),
       (1, 11, 'FEMALE', 'LONG', 'FLY',     200, (3 * 60000) +  (42 * 1000) + (81 * 10)),
       (1, 11, 'FEMALE', 'LONG', 'MEDLEY',  200, (3 * 60000) +  (23 * 1000) + (81 * 10)),
       (1, 11, 'FEMALE', 'LONG', 'MEDLEY',  400, (7 * 60000) +  (9 * 1000) +  (36 * 10)),
       (1, 12, 'FEMALE', 'SHORT', 'FREE',   50,  (0 * 60000) +  (34 * 1000) + (69 * 10)),
       (1, 12, 'FEMALE', 'SHORT', 'FREE',   100, (1 * 60000) +  (15 * 1000) + (9 * 10)),
       (1, 12, 'FEMALE', 'SHORT', 'FREE',   200, (2 * 60000) +  (43 * 1000) + (82 * 10)),
       (1, 12, 'FEMALE', 'SHORT', 'FREE',   400, (5 * 60000) +  (49 * 1000) + (97 * 10)),
       (1, 12, 'FEMALE', 'SHORT', 'FREE',   800, (11 * 60000) + (51 * 1000) + (5 * 10)),
       (1, 12, 'FEMALE', 'SHORT', 'BACK',   100, (1 * 60000) +  (25 * 1000) + (90 * 10)),
       (1, 12, 'FEMALE', 'SHORT', 'BACK',   200, (3 * 60000) +  (4 * 1000) + (31 * 10)),
       (1, 12, 'FEMALE', 'SHORT', 'BREAST', 100, (1 * 60000) +  (39 * 1000) + (55 * 10)),
       (1, 12, 'FEMALE', 'SHORT', 'BREAST', 200, (3 * 60000) +  (32 * 1000) + (74 * 10)),
       (1, 12, 'FEMALE', 'SHORT', 'FLY',    100, (1 * 60000) +  (28 * 1000) + (18 * 10)),
       (1, 12, 'FEMALE', 'SHORT', 'FLY',    200, (3 * 60000) +  (20 * 1000) + (23 * 10)),
       (1, 12, 'FEMALE', 'SHORT', 'MEDLEY', 200, (3 * 60000) +  (8 * 1000) + (27 * 10)),
       (1, 12, 'FEMALE', 'SHORT', 'MEDLEY', 400, (6 * 60000) +  (36 * 1000) + (17 * 10)),
       (1, 12, 'FEMALE', 'LONG', 'FREE',    50,  (0 * 60000) +  (35 * 1000) + (39 * 10)),
       (1, 12, 'FEMALE', 'LONG', 'FREE',    100, (1 * 60000) +  (16 * 1000) + (59 * 10)),
       (1, 12, 'FEMALE', 'LONG', 'FREE',    200, (2 * 60000) +  (47 * 1000) + (10 * 10)),
       (1, 12, 'FEMALE', 'LONG', 'FREE',    400, (5 * 60000) +  (56 * 1000) + (96 * 10)),
       (1, 12, 'FEMALE', 'LONG', 'FREE',    800, (12 * 60000) + (5 * 1000) +  (27 * 10)),
       (1, 12, 'FEMALE', 'LONG', 'BACK',    100, (1 * 60000) +  (27 * 1000) + (60 * 10)),
       (1, 12, 'FEMALE', 'LONG', 'BACK',    200, (3 * 60000) +  (7 * 1000) + (99 * 10)),
       (1, 12, 'FEMALE', 'LONG', 'BREAST',  100, (1 * 60000) +  (41 * 1000) + (54 * 10)),
       (1, 12, 'FEMALE', 'LONG', 'BREAST',  200, (3 * 60000) +  (37 * 1000) + (00 * 10)),
       (1, 12, 'FEMALE', 'LONG', 'FLY',     100, (1 * 60000) +  (29 * 1000) + (93 * 10)),
       (1, 12, 'FEMALE', 'LONG', 'FLY',     200, (3 * 60000) +  (24 * 1000) + (24 * 10)),
       (1, 12, 'FEMALE', 'LONG', 'MEDLEY',  200, (3 * 60000) +  (12 * 1000) + (3 * 10)),
       (1, 12, 'FEMALE', 'LONG', 'MEDLEY',  400, (6 * 60000) +  (44 * 1000) + (9 * 10)),
       (1, 13, 'FEMALE', 'SHORT', 'FREE',   50,  (0 * 60000) +  (31 * 1000) + (47 * 10)),
       (1, 13, 'FEMALE', 'SHORT', 'FREE',   100, (1 * 60000) +  (8 * 1000) + (17 * 10)),
       (1, 13, 'FEMALE', 'SHORT', 'FREE',   200, (2 * 60000) +  (28 * 1000) + (7 * 10)),
       (1, 13, 'FEMALE', 'SHORT', 'FREE',   400, (5 * 60000) +  (14 * 1000) + (90 * 10)),
       (1, 13, 'FEMALE', 'SHORT', 'FREE',   800, (10 * 60000) + (50 * 1000) + (51 * 10)),
       (1, 13, 'FEMALE', 'SHORT', 'FREE',  1500, (20 * 60000) + (46 * 1000) + (77 * 10)),
       (1, 13, 'FEMALE', 'SHORT', 'BACK',   100, (1 * 60000) +  (16 * 1000) + (93 * 10)),
       (1, 13, 'FEMALE', 'SHORT', 'BACK',   200, (2 * 60000) +  (46 * 1000) + (5 * 10)),
       (1, 13, 'FEMALE', 'SHORT', 'BREAST', 100, (1 * 60000) +  (28 * 1000) + (15 * 10)),
       (1, 13, 'FEMALE', 'SHORT', 'BREAST', 200, (3 * 60000) +  (9 * 1000) + (89 * 10)),
       (1, 13, 'FEMALE', 'SHORT', 'FLY',    100, (1 * 60000) +  (16 * 1000) + (73 * 10)),
       (1, 13, 'FEMALE', 'SHORT', 'FLY',    200, (2 * 60000) +  (54 * 1000) + (27 * 10)),
       (1, 13, 'FEMALE', 'SHORT', 'MEDLEY', 200, (2 * 60000) +  (49 * 1000) + (77 * 10)),
       (1, 13, 'FEMALE', 'SHORT', 'MEDLEY', 400, (5 * 60000) +  (58 * 1000) + (74 * 10)),
       (1, 13, 'FEMALE', 'LONG', 'FREE',    50,  (0 * 60000) +  (32 * 1000) + (11 * 10)),
       (1, 13, 'FEMALE', 'LONG', 'FREE',    100, (1 * 60000) +  (9 * 1000) + (53 * 10)),
       (1, 13, 'FEMALE', 'LONG', 'FREE',    200, (2 * 60000) +  (31 * 1000) + (3 * 10)),
       (1, 13, 'FEMALE', 'LONG', 'FREE',    400, (5 * 60000) +  (21 * 1000) + (20 * 10)),
       (1, 13, 'FEMALE', 'LONG', 'FREE',    800, (11 * 60000) + (3 * 1000) +  (52 * 10)),
       (1, 13, 'FEMALE', 'LONG', 'FREE',   1500, (21 * 60000) + (11 * 1000) + (71 * 10)),
       (1, 13, 'FEMALE', 'LONG', 'BACK',    100, (1 * 60000) +  (18 * 1000) + (47 * 10)),
       (1, 13, 'FEMALE', 'LONG', 'BACK',    200, (2 * 60000) +  (49 * 1000) + (37 * 10)),
       (1, 13, 'FEMALE', 'LONG', 'BREAST',  100, (1 * 60000) +  (29 * 1000) + (91 * 10)),
       (1, 13, 'FEMALE', 'LONG', 'BREAST',  200, (3 * 60000) +  (13 * 1000) + (69 * 10)),
       (1, 13, 'FEMALE', 'LONG', 'FLY',     100, (1 * 60000) +  (18 * 1000) + (27 * 10)),
       (1, 13, 'FEMALE', 'LONG', 'FLY',     200, (2 * 60000) +  (57 * 1000) + (76 * 10)),
       (1, 13, 'FEMALE', 'LONG', 'MEDLEY',  200, (2 * 60000) +  (53 * 1000) + (17 * 10)),
       (1, 13, 'FEMALE', 'LONG', 'MEDLEY',  400, (6 * 60000) +  (5 * 1000) + (92 * 10)),
       (1, 14, 'FEMALE', 'SHORT', 'FREE',   50,  (0 * 60000) +  (30 * 1000) + (92 * 10)),
       (1, 14, 'FEMALE', 'SHORT', 'FREE',   100, (1 * 60000) +  (6 * 1000) + (72 * 10)),
       (1, 14, 'FEMALE', 'SHORT', 'FREE',   200, (2 * 60000) +  (24 * 1000) + (83 * 10)),
       (1, 14, 'FEMALE', 'SHORT', 'FREE',   400, (5 * 60000) +  (6 * 1000) + (59 * 10)),
       (1, 14, 'FEMALE', 'SHORT', 'FREE',   800, (10 * 60000) + (40 * 1000) + (95 * 10)),
       (1, 14, 'FEMALE', 'SHORT', 'FREE',  1500, (20 * 60000) + (28 * 1000) + (44 * 10)),
       (1, 14, 'FEMALE', 'SHORT', 'BACK',   100, (1 * 60000) +  (15 * 1000) + (61 * 10)),
       (1, 14, 'FEMALE', 'SHORT', 'BACK',   200, (2 * 60000) +  (41 * 1000) + (83 * 10)),
       (1, 14, 'FEMALE', 'SHORT', 'BREAST', 100, (1 * 60000) +  (27 * 1000) + (9 * 10)),
       (1, 14, 'FEMALE', 'SHORT', 'BREAST', 200, (3 * 60000) +  (7 * 1000) + (57 * 10)),
       (1, 14, 'FEMALE', 'SHORT', 'FLY',    100, (1 * 60000) +  (15 * 1000) + (54 * 10)),
       (1, 14, 'FEMALE', 'SHORT', 'FLY',    200, (2 * 60000) +  (51 * 1000) + (20 * 10)),
       (1, 14, 'FEMALE', 'SHORT', 'MEDLEY', 200, (2 * 60000) +  (45 * 1000) + (7 * 10)),
       (1, 14, 'FEMALE', 'SHORT', 'MEDLEY', 400, (5 * 60000) +  (55 * 1000) + (69 * 10)),
       (1, 14, 'FEMALE', 'LONG', 'FREE',    50,  (0 * 60000) +  (31 * 1000) + (54 * 10)),
       (1, 14, 'FEMALE', 'LONG', 'FREE',    100, (1 * 60000) +  (8 * 1000) + (5 * 10)),
       (1, 14, 'FEMALE', 'LONG', 'FREE',    200, (2 * 60000) +  (27 * 1000) + (72 * 10)),
       (1, 14, 'FEMALE', 'LONG', 'FREE',    400, (5 * 60000) +  (12 * 1000) + (72 * 10)),
       (1, 14, 'FEMALE', 'LONG', 'FREE',    800, (10 * 60000) + (53 * 1000) +  (76 * 10)),
       (1, 14, 'FEMALE', 'LONG', 'FREE',   1500, (20 * 60000) + (53 * 1000) + (1 * 10)),
       (1, 14, 'FEMALE', 'LONG', 'BACK',    100, (1 * 60000) +  (17 * 1000) + (13 * 10)),
       (1, 14, 'FEMALE', 'LONG', 'BACK',    200, (2 * 60000) +  (45 * 1000) + (7 * 10)),
       (1, 14, 'FEMALE', 'LONG', 'BREAST',  100, (1 * 60000) +  (28 * 1000) + (84 * 10)),
       (1, 14, 'FEMALE', 'LONG', 'BREAST',  200, (3 * 60000) +  (11 * 1000) + (27 * 10)),
       (1, 14, 'FEMALE', 'LONG', 'FLY',     100, (1 * 60000) +  (17 * 1000) + (4 * 10)),
       (1, 14, 'FEMALE', 'LONG', 'FLY',     200, (2 * 60000) +  (54 * 1000) + (63 * 10)),
       (1, 14, 'FEMALE', 'LONG', 'MEDLEY',  200, (2 * 60000) +  (48 * 1000) + (38 * 10)),
       (1, 14, 'FEMALE', 'LONG', 'MEDLEY',  400, (6 * 60000) +  (2 * 1000) + (80 * 10)),
       (1, 15, 'FEMALE', 'SHORT', 'FREE',   50,  (0 * 60000) +  (30 * 1000) + (47 * 10)),
       (1, 15, 'FEMALE', 'SHORT', 'FREE',   100, (1 * 60000) +  (5 * 1000) + (98 * 10)),
       (1, 15, 'FEMALE', 'SHORT', 'FREE',   200, (2 * 60000) +  (23 * 1000) + (52 * 10)),
       (1, 15, 'FEMALE', 'SHORT', 'FREE',   400, (5 * 60000) +  (4 * 1000) + (88 * 10)),
       (1, 15, 'FEMALE', 'SHORT', 'FREE',   800, (10 * 60000) + (33 * 1000) + (68 * 10)),
       (1, 15, 'FEMALE', 'SHORT', 'FREE',  1500, (20 * 60000) + (14 * 1000) + (55 * 10)),
       (1, 15, 'FEMALE', 'SHORT', 'BACK',   100, (1 * 60000) +  (14 * 1000) + (53 * 10)),
       (1, 15, 'FEMALE', 'SHORT', 'BACK',   200, (2 * 60000) +  (40 * 1000) + (4 * 10)),
       (1, 15, 'FEMALE', 'SHORT', 'BREAST', 100, (1 * 60000) +  (26 * 1000) + (43 * 10)),
       (1, 15, 'FEMALE', 'SHORT', 'BREAST', 200, (3 * 60000) +  (6 * 1000) + (96 * 10)),
       (1, 15, 'FEMALE', 'SHORT', 'FLY',    100, (1 * 60000) +  (14 * 1000) + (38 * 10)),
       (1, 15, 'FEMALE', 'SHORT', 'FLY',    200, (2 * 60000) +  (49 * 1000) + (87 * 10)),
       (1, 15, 'FEMALE', 'SHORT', 'MEDLEY', 200, (2 * 60000) +  (43 * 1000) + (37 * 10)),
       (1, 15, 'FEMALE', 'SHORT', 'MEDLEY', 400, (5 * 60000) +  (45 * 1000) + (79 * 10)),
       (1, 15, 'FEMALE', 'LONG', 'FREE',    50,  (0 * 60000) +  (31 * 1000) + (8 * 10)),
       (1, 15, 'FEMALE', 'LONG', 'FREE',    100, (1 * 60000) +  (7 * 1000) + (30 * 10)),
       (1, 15, 'FEMALE', 'LONG', 'FREE',    200, (2 * 60000) +  (27 * 1000) + (29 * 10)),
       (1, 15, 'FEMALE', 'LONG', 'FREE',    400, (5 * 60000) +  (10 * 1000) + (97 * 10)),
       (1, 15, 'FEMALE', 'LONG', 'FREE',    800, (10 * 60000) + (47 * 1000) +  (46 * 10)),
       (1, 15, 'FEMALE', 'LONG', 'FREE',   1500, (20 * 60000) + (38 * 1000) + (84 * 10)),
       (1, 15, 'FEMALE', 'LONG', 'BACK',    100, (1 * 60000) +  (16 * 1000) + (2 * 10)),
       (1, 15, 'FEMALE', 'LONG', 'BACK',    200, (2 * 60000) +  (43 * 1000) + (24 * 10)),
       (1, 15, 'FEMALE', 'LONG', 'BREAST',  100, (1 * 60000) +  (28 * 1000) + (15 * 10)),
       (1, 15, 'FEMALE', 'LONG', 'BREAST',  200, (3 * 60000) +  (10 * 1000) + (70 * 10)),
       (1, 15, 'FEMALE', 'LONG', 'FLY',     100, (1 * 60000) +  (15 * 1000) + (87 * 10)),
       (1, 15, 'FEMALE', 'LONG', 'FLY',     200, (2 * 60000) +  (53 * 1000) + (27 * 10)),
       (1, 15, 'FEMALE', 'LONG', 'MEDLEY',  200, (2 * 60000) +  (46 * 1000) + (64 * 10)),
       (1, 15, 'FEMALE', 'LONG', 'MEDLEY',  400, (5 * 60000) +  (52 * 1000) + (70 * 10)),
       (1, 16, 'FEMALE', 'SHORT', 'FREE',   50,  (0 * 60000) +  (30 * 1000) + (27 * 10)),
       (1, 16, 'FEMALE', 'SHORT', 'FREE',   100, (1 * 60000) +  (5 * 1000) + (58 * 10)),
       (1, 16, 'FEMALE', 'SHORT', 'FREE',   200, (2 * 60000) +  (21 * 1000) + (65 * 10)),
       (1, 16, 'FEMALE', 'SHORT', 'FREE',   400, (5 * 60000) +  (0 * 1000) + (82 * 10)),
       (1, 16, 'FEMALE', 'SHORT', 'FREE',   800, (10 * 60000) + (21 * 1000) + (72 * 10)),
       (1, 16, 'FEMALE', 'SHORT', 'FREE',  1500, (19 * 60000) + (51 * 1000) + (60 * 10)),
       (1, 16, 'FEMALE', 'SHORT', 'BACK',   100, (1 * 60000) +  (13 * 1000) + (40 * 10)),
       (1, 16, 'FEMALE', 'SHORT', 'BACK',   200, (2 * 60000) +  (38 * 1000) + (70 * 10)),
       (1, 16, 'FEMALE', 'SHORT', 'BREAST', 100, (1 * 60000) +  (25 * 1000) + (95 * 10)),
       (1, 16, 'FEMALE', 'SHORT', 'BREAST', 200, (3 * 60000) +  (5 * 1000) + (52 * 10)),
       (1, 16, 'FEMALE', 'SHORT', 'FLY',    100, (1 * 60000) +  (13 * 1000) + (41 * 10)),
       (1, 16, 'FEMALE', 'SHORT', 'FLY',    200, (2 * 60000) +  (44 * 1000) + (47 * 10)),
       (1, 16, 'FEMALE', 'SHORT', 'MEDLEY', 200, (2 * 60000) +  (40 * 1000) + (96 * 10)),
       (1, 16, 'FEMALE', 'SHORT', 'MEDLEY', 400, (5 * 60000) +  (43 * 1000) + (56 * 10)),
       (1, 16, 'FEMALE', 'LONG', 'FREE',    50,  (0 * 60000) +  (30 * 1000) + (88 * 10)),
       (1, 16, 'FEMALE', 'LONG', 'FREE',    100, (1 * 60000) +  (6 * 1000) + (89 * 10)),
       (1, 16, 'FEMALE', 'LONG', 'FREE',    200, (2 * 60000) +  (24 * 1000) + (49 * 10)),
       (1, 16, 'FEMALE', 'LONG', 'FREE',    400, (5 * 60000) +  (6 * 1000) + (83 * 10)),
       (1, 16, 'FEMALE', 'LONG', 'FREE',    800, (10 * 60000) + (34 * 1000) +  (15 * 10)),
       (1, 16, 'FEMALE', 'LONG', 'FREE',   1500, (20 * 60000) + (15 * 1000) + (43 * 10)),
       (1, 16, 'FEMALE', 'LONG', 'BACK',    100, (1 * 60000) +  (14 * 1000) + (87 * 10)),
       (1, 16, 'FEMALE', 'LONG', 'BACK',    200, (2 * 60000) +  (41 * 1000) + (88 * 10)),
       (1, 16, 'FEMALE', 'LONG', 'BREAST',  100, (1 * 60000) +  (27 * 1000) + (67 * 10)),
       (1, 16, 'FEMALE', 'LONG', 'BREAST',  200, (3 * 60000) +  (9 * 1000) + (22 * 10)),
       (1, 16, 'FEMALE', 'LONG', 'FLY',     100, (1 * 60000) +  (14 * 1000) + (88 * 10)),
       (1, 16, 'FEMALE', 'LONG', 'FLY',     200, (2 * 60000) +  (47 * 1000) + (76 * 10)),
       (1, 16, 'FEMALE', 'LONG', 'MEDLEY',  200, (2 * 60000) +  (44 * 1000) + (19 * 10)),
       (1, 16, 'FEMALE', 'LONG', 'MEDLEY',  400, (5 * 60000) +  (50 * 1000) + (44 * 10)),
       (1, 17, 'FEMALE', 'SHORT', 'FREE',   50,  (0 * 60000) +  (29 * 1000) + (90 * 10)),
       (1, 17, 'FEMALE', 'SHORT', 'FREE',   100, (1 * 60000) +  (4 * 1000) + (60 * 10)),
       (1, 17, 'FEMALE', 'SHORT', 'FREE',   200, (2 * 60000) +  (19 * 1000) + (83 * 10)),
       (1, 17, 'FEMALE', 'SHORT', 'FREE',   400, (4 * 60000) +  (57 * 1000) + (33 * 10)),
       (1, 17, 'FEMALE', 'SHORT', 'FREE',   800, (10 * 60000) + (15 * 1000) + (51 * 10)),
       (1, 17, 'FEMALE', 'SHORT', 'FREE',  1500, (19 * 60000) + (39 * 1000) + (68 * 10)),
       (1, 17, 'FEMALE', 'SHORT', 'BACK',   100, (1 * 60000) +  (12 * 1000) + (20 * 10)),
       (1, 17, 'FEMALE', 'SHORT', 'BACK',   200, (2 * 60000) +  (35 * 1000) + (99 * 10)),
       (1, 17, 'FEMALE', 'SHORT', 'BREAST', 100, (1 * 60000) +  (25 * 1000) + (9 * 10)),
       (1, 17, 'FEMALE', 'SHORT', 'BREAST', 200, (3 * 60000) +  (4 * 1000) + (58 * 10)),
       (1, 17, 'FEMALE', 'SHORT', 'FLY',    100, (1 * 60000) +  (12 * 1000) + (67 * 10)),
       (1, 17, 'FEMALE', 'SHORT', 'FLY',    200, (2 * 60000) +  (42 * 1000) + (2 * 10)),
       (1, 17, 'FEMALE', 'SHORT', 'MEDLEY', 200, (2 * 60000) +  (39 * 1000) + (47 * 10)),
       (1, 17, 'FEMALE', 'SHORT', 'MEDLEY', 400, (5 * 60000) +  (39 * 1000) + (45 * 10)),
       (1, 17, 'FEMALE', 'LONG', 'FREE',    50,  (0 * 60000) +  (30 * 1000) + (49 * 10)),
       (1, 17, 'FEMALE', 'LONG', 'FREE',    100, (1 * 60000) +  (5 * 1000) + (89 * 10)),
       (1, 17, 'FEMALE', 'LONG', 'FREE',    200, (2 * 60000) +  (22 * 1000) + (63 * 10)),
       (1, 17, 'FEMALE', 'LONG', 'FREE',    400, (5 * 60000) +  (3 * 1000) + (28 * 10)),
       (1, 17, 'FEMALE', 'LONG', 'FREE',    800, (10 * 60000) + (27 * 1000) +  (81 * 10)),
       (1, 17, 'FEMALE', 'LONG', 'FREE',   1500, (20 * 60000) + (3 * 1000) + (28 * 10)),
       (1, 17, 'FEMALE', 'LONG', 'BACK',    100, (1 * 60000) +  (13 * 1000) + (65 * 10)),
       (1, 17, 'FEMALE', 'LONG', 'BACK',    200, (2 * 60000) +  (39 * 1000) + (12 * 10)),
       (1, 17, 'FEMALE', 'LONG', 'BREAST',  100, (1 * 60000) +  (26 * 1000) + (79 * 10)),
       (1, 17, 'FEMALE', 'LONG', 'BREAST',  200, (3 * 60000) +  (8 * 1000) + (28 * 10)),
       (1, 17, 'FEMALE', 'LONG', 'FLY',     100, (1 * 60000) +  (14 * 1000) + (12 * 10)),
       (1, 17, 'FEMALE', 'LONG', 'FLY',     200, (2 * 60000) +  (45 * 1000) + (26 * 10)),
       (1, 17, 'FEMALE', 'LONG', 'MEDLEY',  200, (2 * 60000) +  (42 * 1000) + (66 * 10)),
       (1, 17, 'FEMALE', 'LONG', 'MEDLEY',  400, (5 * 60000) +  (46 * 1000) + (24 * 10)),
       (1, 10, 'MALE', 'SHORT', 'FREE',   50,  (0 * 60000) +  (40 * 1000) + (35 * 10)),
       (1, 10, 'MALE', 'SHORT', 'FREE',   100, (1 * 60000) +  (32 * 1000) + (96 * 10)),
       (1, 10, 'MALE', 'SHORT', 'FREE',   200, (3 * 60000) +  (26 * 1000) + (91 * 10)),
       (1, 10, 'MALE', 'SHORT', 'FREE',   400, (7 * 60000) +  (11 * 1000) + (45 * 10)),
       (1, 10, 'MALE', 'SHORT', 'BACK',   100, (1 * 60000) +  (47 * 1000) + (27 * 10)),
       (1, 10, 'MALE', 'SHORT', 'BACK',   200, (3 * 60000) +  (55 * 1000) + (98 * 10)),
       (1, 10, 'MALE', 'SHORT', 'BREAST', 100, (2 * 60000) +  (2 * 1000) + (77 * 10)),
       (1, 10, 'MALE', 'SHORT', 'FLY',    100, (1 * 60000) +  (55 * 1000) + (62 * 10)),
       (1, 10, 'MALE', 'SHORT', 'MEDLEY', 100, (1 * 60000) +  (45 * 1000) + (81 * 10)),
       (1, 10, 'MALE', 'SHORT', 'MEDLEY', 200, (3 * 60000) +  (52 * 1000) + (32 * 10)),
       (1, 10, 'MALE', 'LONG', 'FREE',    50,  (0 * 60000) +  (41 * 1000) + (72 * 10)),
       (1, 10, 'MALE', 'LONG', 'FREE',    100, (1 * 60000) +  (34 * 1000) + (83 * 10)),
       (1, 10, 'MALE', 'LONG', 'FREE',    200, (3 * 60000) +  (31 * 1000) + (5 * 10)),
       (1, 10, 'MALE', 'LONG', 'FREE',    400, (7 * 60000) +  (20 * 1000) + (8 * 10)),
       (1, 10, 'MALE', 'LONG', 'BACK',    100, (1 * 60000) +  (49 * 1000) + (41 * 10)),
       (1, 10, 'MALE', 'LONG', 'BACK',    200, (4 * 60000) +  (0 * 1000) + (70 * 10)),
       (1, 10, 'MALE', 'LONG', 'BREAST',  100, (2 * 60000) +  (5 * 1000) +  (21 * 10)),
       (1, 10, 'MALE', 'LONG', 'FLY',     100, (1 * 60000) +  (57 * 1000) + (93 * 10)),
       (1, 10, 'MALE', 'LONG', 'MEDLEY',  200, (3 * 60000) +  (56 * 1000) + (96 * 10)),
       (1, 11, 'MALE', 'SHORT', 'FREE',   50,  (0 * 60000) +  (36 * 1000) + (70 * 10)),
       (1, 11, 'MALE', 'SHORT', 'FREE',   100, (1 * 60000) +  (20 * 1000) + (78 * 10)),
       (1, 11, 'MALE', 'SHORT', 'FREE',   200, (2 * 60000) +  (57 * 1000) + (47 * 10)),
       (1, 11, 'MALE', 'SHORT', 'FREE',   400, (6 * 60000) +  (21 * 1000) + (15 * 10)),
       (1, 11, 'MALE', 'SHORT', 'FREE',   800, (13 * 60000) + (22 * 1000) + (6 * 10)),
       (1, 11, 'MALE', 'SHORT', 'BACK',   100, (1 * 60000) +  (32 * 1000) + (72 * 10)),
       (1, 11, 'MALE', 'SHORT', 'BACK',   200, (3 * 60000) +  (20 * 1000) + (23 * 10)),
       (1, 11, 'MALE', 'SHORT', 'BREAST', 100, (1 * 60000) +  (48 * 1000) + (8 * 10)),
       (1, 11, 'MALE', 'SHORT', 'BREAST', 200, (3 * 60000) +  (56 * 1000) + (63 * 10)),
       (1, 11, 'MALE', 'SHORT', 'FLY',    100, (1 * 60000) +  (37 * 1000) + (85 * 10)),
       (1, 11, 'MALE', 'SHORT', 'FLY',    200, (4 * 60000) +  (4 * 1000) + (61 * 10)),
       (1, 11, 'MALE', 'SHORT', 'MEDLEY', 200, (3 * 60000) +  (22 * 1000) + (13 * 10)),
       (1, 11, 'MALE', 'SHORT', 'MEDLEY', 400, (7 * 60000) +  (29 * 1000) + (38 * 10)),
       (1, 11, 'MALE', 'LONG', 'FREE',    50,  (0 * 60000) +  (37 * 1000) + (43 * 10)),
       (1, 11, 'MALE', 'LONG', 'FREE',    100, (1 * 60000) +  (22 * 1000) + (39 * 10)),
       (1, 11, 'MALE', 'LONG', 'FREE',    200, (3 * 60000) +  (1 * 1000) + (3 * 10)),
       (1, 11, 'MALE', 'LONG', 'FREE',    400, (6 * 60000) +  (28 * 1000) + (77 * 10)),
       (1, 11, 'MALE', 'LONG', 'FREE',    800, (13 * 60000) + (38 * 1000) + (10 * 10)),
       (1, 11, 'MALE', 'LONG', 'BACK',    100, (1 * 60000) +  (34 * 1000) + (57 * 10)),
       (1, 11, 'MALE', 'LONG', 'BACK',    200, (3 * 60000) +  (24 * 1000) + (24 * 10)),
       (1, 11, 'MALE', 'LONG', 'BREAST',  100, (1 * 60000) +  (50 * 1000) + (24 * 10)),
       (1, 11, 'MALE', 'LONG', 'BREAST',  200, (4 * 60000) +  (1 * 1000) + (37 * 10)),
       (1, 11, 'MALE', 'LONG', 'FLY',     100, (1 * 60000) +  (39 * 1000) + (79 * 10)),
       (1, 11, 'MALE', 'LONG', 'FLY',     200, (4 * 60000) +  (9 * 1000) + (49 * 10)),
       (1, 11, 'MALE', 'LONG', 'MEDLEY',  200, (3 * 60000) +  (26 * 1000) + (17 * 10)),
       (1, 11, 'MALE', 'LONG', 'MEDLEY',  400, (7 * 60000) +  (38 * 1000) + (37 * 10)),
       (1, 12, 'MALE', 'SHORT', 'FREE',   50,  (0 * 60000) +  (33 * 1000) + (90 * 10)),
       (1, 12, 'MALE', 'SHORT', 'FREE',   100, (1 * 60000) +  (14 * 1000) + (53 * 10)),
       (1, 12, 'MALE', 'SHORT', 'FREE',   200, (2 * 60000) +  (42 * 1000) + (69 * 10)),
       (1, 12, 'MALE', 'SHORT', 'FREE',   400, (5 * 60000) +  (51 * 1000) + (12 * 10)),
       (1, 12, 'MALE', 'SHORT', 'FREE',   800, (12 * 60000) + (0 * 1000) + (16 * 10)),
       (1, 12, 'MALE', 'SHORT', 'BACK',   100, (1 * 60000) +  (27 * 1000) + (3 * 10)),
       (1, 12, 'MALE', 'SHORT', 'BACK',   200, (3 * 60000) +  (4 * 1000) + (87 * 10)),
       (1, 12, 'MALE', 'SHORT', 'BREAST', 100, (1 * 60000) +  (38 * 1000) + (99 * 10)),
       (1, 12, 'MALE', 'SHORT', 'BREAST', 200, (3 * 60000) +  (33 * 1000) + (74 * 10)),
       (1, 12, 'MALE', 'SHORT', 'FLY',    100, (1 * 60000) +  (27 * 1000) + (60 * 10)),
       (1, 12, 'MALE', 'SHORT', 'FLY',    200, (3 * 60000) +  (23 * 1000) + (65 * 10)),
       (1, 12, 'MALE', 'SHORT', 'MEDLEY', 200, (3 * 60000) +  (8 * 1000) + (27 * 10)),
       (1, 12, 'MALE', 'SHORT', 'MEDLEY', 400, (6 * 60000) +  (44 * 1000) + (25 * 10)),
       (1, 12, 'MALE', 'LONG', 'FREE',    50,  (0 * 60000) +  (34 * 1000) + (58 * 10)),
       (1, 12, 'MALE', 'LONG', 'FREE',    100, (1 * 60000) +  (16 * 1000) + (1 * 10)),
       (1, 12, 'MALE', 'LONG', 'FREE',    200, (2 * 60000) +  (45 * 1000) + (94 * 10)),
       (1, 12, 'MALE', 'LONG', 'FREE',    400, (5 * 60000) +  (58 * 1000) + (14 * 10)),
       (1, 12, 'MALE', 'LONG', 'FREE',    800, (12 * 60000) + (14 * 1000) + (56 * 10)),
       (1, 12, 'MALE', 'LONG', 'BACK',    100, (1 * 60000) +  (28 * 1000) + (77 * 10)),
       (1, 12, 'MALE', 'LONG', 'BACK',    200, (3 * 60000) +  (8 * 1000) + (56 * 10)),
       (1, 12, 'MALE', 'LONG', 'BREAST',  100, (1 * 60000) +  (40 * 1000) + (96 * 10)),
       (1, 12, 'MALE', 'LONG', 'BREAST',  200, (3 * 60000) +  (37 * 1000) + (00 * 10)),
       (1, 12, 'MALE', 'LONG', 'FLY',     100, (1 * 60000) +  (29 * 1000) + (35 * 10)),
       (1, 12, 'MALE', 'LONG', 'FLY',     200, (3 * 60000) +  (27 * 1000) + (71 * 10)),
       (1, 12, 'MALE', 'LONG', 'MEDLEY',  200, (3 * 60000) +  (12 * 1000) + (3 * 10)),
       (1, 12, 'MALE', 'LONG', 'MEDLEY',  400, (6 * 60000) +  (52 * 1000) + (34 * 10)),
       (1, 13, 'MALE', 'SHORT', 'FREE',   50,  (0 * 60000) +  (29 * 1000) + (87 * 10)),
       (1, 13, 'MALE', 'SHORT', 'FREE',   100, (1 * 60000) +  (5 * 1000) + (36 * 10)),
       (1, 13, 'MALE', 'SHORT', 'FREE',   200, (2 * 60000) +  (23 * 1000) + (15 * 10)),
       (1, 13, 'MALE', 'SHORT', 'FREE',   400, (5 * 60000) +  (6 * 1000) + (38 * 10)),
       (1, 13, 'MALE', 'SHORT', 'FREE',   800, (10 * 60000) + (39 * 1000) + (78 * 10)),
       (1, 13, 'MALE', 'SHORT', 'FREE',  1500, (20 * 60000) + (34 * 1000) + (15 * 10)),
       (1, 13, 'MALE', 'SHORT', 'BACK',   100, (1 * 60000) +  (14 * 1000) + (53 * 10)),
       (1, 13, 'MALE', 'SHORT', 'BACK',   200, (2 * 60000) +  (41 * 1000) + (6 * 10)),
       (1, 13, 'MALE', 'SHORT', 'BREAST', 100, (1 * 60000) +  (25 * 1000) + (58 * 10)),
       (1, 13, 'MALE', 'SHORT', 'BREAST', 200, (3 * 60000) +  (4 * 1000) + (76 * 10)),
       (1, 13, 'MALE', 'SHORT', 'FLY',    100, (1 * 60000) +  (14 * 1000) + (50 * 10)),
       (1, 13, 'MALE', 'SHORT', 'FLY',    200, (2 * 60000) +  (48 * 1000) + (9 * 10)),
       (1, 13, 'MALE', 'SHORT', 'MEDLEY', 200, (2 * 60000) +  (51 * 1000) + (5 * 10)),
       (1, 13, 'MALE', 'SHORT', 'MEDLEY', 400, (5 * 60000) +  (47 * 1000) + (80 * 10)),
       (1, 13, 'MALE', 'LONG', 'FREE',    50,  (0 * 60000) +  (30 * 1000) + (46 * 10)),
       (1, 13, 'MALE', 'LONG', 'FREE',    100, (1 * 60000) +  (6 * 1000) + (67 * 10)),
       (1, 13, 'MALE', 'LONG', 'FREE',    200, (2 * 60000) +  (26 * 1000) + (1 * 10)),
       (1, 13, 'MALE', 'LONG', 'FREE',    400, (5 * 60000) +  (12 * 1000) + (51 * 10)),
       (1, 13, 'MALE', 'LONG', 'FREE',    800, (10 * 60000) + (52 * 1000) +  (58 * 10)),
       (1, 13, 'MALE', 'LONG', 'FREE',   1500, (20 * 60000) + (58 * 1000) + (83 * 10)),
       (1, 13, 'MALE', 'LONG', 'BACK',    100, (1 * 60000) +  (16 * 1000) + (2 * 10)),
       (1, 13, 'MALE', 'LONG', 'BACK',    200, (2 * 60000) +  (44 * 1000) + (29 * 10)),
       (1, 13, 'MALE', 'LONG', 'BREAST',  100, (1 * 60000) +  (27 * 1000) + (30 * 10)),
       (1, 13, 'MALE', 'LONG', 'BREAST',  200, (3 * 60000) +  (8 * 1000) + (45 * 10)),
       (1, 13, 'MALE', 'LONG', 'FLY',     100, (1 * 60000) +  (16 * 1000) + (0 * 10)),
       (1, 13, 'MALE', 'LONG', 'FLY',     200, (2 * 60000) +  (51 * 1000) + (46 * 10)),
       (1, 13, 'MALE', 'LONG', 'MEDLEY',  200, (2 * 60000) +  (46 * 1000) + (65 * 10)),
       (1, 13, 'MALE', 'LONG', 'MEDLEY',  400, (5 * 60000) +  (54 * 1000) + (75 * 10)),
       (1, 14, 'MALE', 'SHORT', 'FREE',   50,  (0 * 60000) +  (28 * 1000) + (97 * 10)),
       (1, 14, 'MALE', 'SHORT', 'FREE',   100, (1 * 60000) +  (3 * 1000) + (12 * 10)),
       (1, 14, 'MALE', 'SHORT', 'FREE',   200, (2 * 60000) +  (18 * 1000) + (81 * 10)),
       (1, 14, 'MALE', 'SHORT', 'FREE',   400, (4 * 60000) +  (56 * 1000) + (84 * 10)),
       (1, 14, 'MALE', 'SHORT', 'FREE',   800, (10 * 60000) + (22 * 1000) + (95 * 10)),
       (1, 14, 'MALE', 'SHORT', 'FREE',  1500, (19 * 60000) + (54 * 1000) + (30 * 10)),
       (1, 14, 'MALE', 'SHORT', 'BACK',   100, (1 * 60000) +  (12 * 1000) + (49 * 10)),
       (1, 14, 'MALE', 'SHORT', 'BACK',   200, (2 * 60000) +  (37 * 1000) + (5 * 10)),
       (1, 14, 'MALE', 'SHORT', 'BREAST', 100, (1 * 60000) +  (22 * 1000) + (45 * 10)),
       (1, 14, 'MALE', 'SHORT', 'BREAST', 200, (2 * 60000) +  (59 * 1000) + (76 * 10)),
       (1, 14, 'MALE', 'SHORT', 'FLY',    100, (1 * 60000) +  (11 * 1000) + (40 * 10)),
       (1, 14, 'MALE', 'SHORT', 'FLY',    200, (2 * 60000) +  (44 * 1000) + (77 * 10)),
       (1, 14, 'MALE', 'SHORT', 'MEDLEY', 200, (2 * 60000) +  (37 * 1000) + (49 * 10)),
       (1, 14, 'MALE', 'SHORT', 'MEDLEY', 400, (5 * 60000) +  (38 * 1000) + (60 * 10)),
       (1, 14, 'MALE', 'LONG', 'FREE',    50,  (0 * 60000) +  (29 * 1000) + (56 * 10)),
       (1, 14, 'MALE', 'LONG', 'FREE',    100, (1 * 60000) +  (4 * 1000) + (38 * 10)),
       (1, 14, 'MALE', 'LONG', 'FREE',    200, (2 * 60000) +  (21 * 1000) + (58 * 10)),
       (1, 14, 'MALE', 'LONG', 'FREE',    400, (5 * 60000) +  (2 * 1000) + (78 * 10)),
       (1, 14, 'MALE', 'LONG', 'FREE',    800, (10 * 60000) + (35 * 1000) + (42 * 10)),
       (1, 14, 'MALE', 'LONG', 'FREE',   1500, (20 * 60000) + (18 * 1000) + (18 * 10)),
       (1, 14, 'MALE', 'LONG', 'BACK',    100, (1 * 60000) +  (13 * 1000) + (94 * 10)),
       (1, 14, 'MALE', 'LONG', 'BACK',    200, (2 * 60000) +  (40 * 1000) + (19 * 10)),
       (1, 14, 'MALE', 'LONG', 'BREAST',  100, (1 * 60000) +  (24 * 1000) + (10 * 10)),
       (1, 14, 'MALE', 'LONG', 'BREAST',  200, (3 * 60000) +  (3 * 1000) + (36 * 10)),
       (1, 14, 'MALE', 'LONG', 'FLY',     100, (1 * 60000) +  (12 * 1000) + (83 * 10)),
       (1, 14, 'MALE', 'LONG', 'FLY',     200, (2 * 60000) +  (48 * 1000) + (7 * 10)),
       (1, 14, 'MALE', 'LONG', 'MEDLEY',  200, (2 * 60000) +  (40 * 1000) + (63 * 10)),
       (1, 14, 'MALE', 'LONG', 'MEDLEY',  400, (5 * 60000) +  (45 * 1000) + (38 * 10)),
       (1, 15, 'MALE', 'SHORT', 'FREE',   50,  (0 * 60000) +  (28 * 1000) + (45 * 10)),
       (1, 15, 'MALE', 'SHORT', 'FREE',   100, (1 * 60000) +  (1 * 1000) + (63 * 10)),
       (1, 15, 'MALE', 'SHORT', 'FREE',   200, (2 * 60000) +  (14 * 1000) + (30 * 10)),
       (1, 15, 'MALE', 'SHORT', 'FREE',   400, (4 * 60000) +  (48 * 1000) + (72 * 10)),
       (1, 15, 'MALE', 'SHORT', 'FREE',   800, (10 * 60000) + (4 * 1000) + (63 * 10)),
       (1, 15, 'MALE', 'SHORT', 'FREE',  1500, (19 * 60000) + (19 * 1000) + (16 * 10)),
       (1, 15, 'MALE', 'SHORT', 'BACK',   100, (1 * 60000) +  (10 * 1000) + (60 * 10)),
       (1, 15, 'MALE', 'SHORT', 'BACK',   200, (2 * 60000) +  (33 * 1000) + (41 * 10)),
       (1, 15, 'MALE', 'SHORT', 'BREAST', 100, (1 * 60000) +  (21 * 1000) + (52 * 10)),
       (1, 15, 'MALE', 'SHORT', 'BREAST', 200, (2 * 60000) +  (57 * 1000) + (21 * 10)),
       (1, 15, 'MALE', 'SHORT', 'FLY',    100, (1 * 60000) +  (9 * 1000) + (18 * 10)),
       (1, 15, 'MALE', 'SHORT', 'FLY',    200, (2 * 60000) +  (40 * 1000) + (31 * 10)),
       (1, 15, 'MALE', 'SHORT', 'MEDLEY', 200, (2 * 60000) +  (33 * 1000) + (48 * 10)),
       (1, 15, 'MALE', 'SHORT', 'MEDLEY', 400, (5 * 60000) +  (33 * 1000) + (28 * 10)),
       (1, 15, 'MALE', 'LONG', 'FREE',    50,  (0 * 60000) +  (29 * 1000) + (2 * 10)),
       (1, 15, 'MALE', 'LONG', 'FREE',    100, (1 * 60000) +  (2 * 1000) + (87 * 10)),
       (1, 15, 'MALE', 'LONG', 'FREE',    200, (2 * 60000) +  (16 * 1000) + (98 * 10)),
       (1, 15, 'MALE', 'LONG', 'FREE',    400, (4 * 60000) +  (54 * 1000) + (49 * 10)),
       (1, 15, 'MALE', 'LONG', 'FREE',    800, (10 * 60000) + (16 * 1000) +  (72 * 10)),
       (1, 15, 'MALE', 'LONG', 'FREE',   1500, (19 * 60000) + (42 * 1000) + (35 * 10)),
       (1, 15, 'MALE', 'LONG', 'BACK',    100, (1 * 60000) +  (12 * 1000) + (2 * 10)),
       (1, 15, 'MALE', 'LONG', 'BACK',    200, (2 * 60000) +  (36 * 1000) + (48 * 10)),
       (1, 15, 'MALE', 'LONG', 'BREAST',  100, (1 * 60000) +  (23 * 1000) + (16 * 10)),
       (1, 15, 'MALE', 'LONG', 'BREAST',  200, (3 * 60000) +  (0 * 1000) + (75 * 10)),
       (1, 15, 'MALE', 'LONG', 'FLY',     100, (1 * 60000) +  (10 * 1000) + (57 * 10)),
       (1, 15, 'MALE', 'LONG', 'FLY',     200, (2 * 60000) +  (43 * 1000) + (52 * 10)),
       (1, 15, 'MALE', 'LONG', 'MEDLEY',  200, (2 * 60000) +  (36 * 1000) + (55 * 10)),
       (1, 15, 'MALE', 'LONG', 'MEDLEY',  400, (5 * 60000) +  (39 * 1000) + (94 * 10)),
       (1, 16, 'MALE', 'SHORT', 'FREE',   50,  (0 * 60000) +  (27 * 1000) + (39 * 10)),
       (1, 16, 'MALE', 'SHORT', 'FREE',   100, (0 * 60000) +  (59 * 1000) + (68 * 10)),
       (1, 16, 'MALE', 'SHORT', 'FREE',   200, (2 * 60000) +  (10 * 1000) + (43 * 10)),
       (1, 16, 'MALE', 'SHORT', 'FREE',   400, (4 * 60000) +  (41 * 1000) + (91 * 10)),
       (1, 16, 'MALE', 'SHORT', 'FREE',   800, (9 * 60000) + (48 * 1000) + (27 * 10)),
       (1, 16, 'MALE', 'SHORT', 'FREE',  1500, (18 * 60000) + (47 * 1000) + (81 * 10)),
       (1, 16, 'MALE', 'SHORT', 'BACK',   100, (1 * 60000) +  (7 * 1000) + (55 * 10)),
       (1, 16, 'MALE', 'SHORT', 'BACK',   200, (2 * 60000) +  (26 * 1000) + (87 * 10)),
       (1, 16, 'MALE', 'SHORT', 'BREAST', 100, (1 * 60000) +  (17 * 1000) + (90 * 10)),
       (1, 16, 'MALE', 'SHORT', 'BREAST', 200, (2 * 60000) +  (49 * 1000) + (74 * 10)),
       (1, 16, 'MALE', 'SHORT', 'FLY',    100, (1 * 60000) +  (6 * 1000) + (87 * 10)),
       (1, 16, 'MALE', 'SHORT', 'FLY',    200, (2 * 60000) +  (30 * 1000) + (40 * 10)),
       (1, 16, 'MALE', 'SHORT', 'MEDLEY', 200, (2 * 60000) +  (28 * 1000) + (83 * 10)),
       (1, 16, 'MALE', 'SHORT', 'MEDLEY', 400, (5 * 60000) +  (25 * 1000) + (30 * 10)),
       (1, 16, 'MALE', 'LONG', 'FREE',    50,  (0 * 60000) +  (27 * 1000) + (94 * 10)),
       (1, 16, 'MALE', 'LONG', 'FREE',    100, (1 * 60000) +  (0 * 1000) + (87 * 10)),
       (1, 16, 'MALE', 'LONG', 'FREE',    200, (2 * 60000) +  (13 * 1000) + (3 * 10)),
       (1, 16, 'MALE', 'LONG', 'FREE',    400, (4 * 60000) +  (47 * 1000) + (55 * 10)),
       (1, 16, 'MALE', 'LONG', 'FREE',    800, (10 * 60000) + (00 * 1000) +  (4 * 10)),
       (1, 16, 'MALE', 'LONG', 'FREE',   1500, (19 * 60000) + (10 * 1000) + (37 * 10)),
       (1, 16, 'MALE', 'LONG', 'BACK',    100, (1 * 60000) +  (8 * 1000) + (90 * 10)),
       (1, 16, 'MALE', 'LONG', 'BACK',    200, (2 * 60000) +  (29 * 1000) + (81 * 10)),
       (1, 16, 'MALE', 'LONG', 'BREAST',  100, (1 * 60000) +  (19 * 1000) + (46 * 10)),
       (1, 16, 'MALE', 'LONG', 'BREAST',  200, (2 * 60000) +  (53 * 1000) + (14 * 10)),
       (1, 16, 'MALE', 'LONG', 'FLY',     100, (1 * 60000) +  (8 * 1000) + (21 * 10)),
       (1, 16, 'MALE', 'LONG', 'FLY',     200, (2 * 60000) +  (33 * 1000) + (41 * 10)),
       (1, 16, 'MALE', 'LONG', 'MEDLEY',  200, (2 * 60000) +  (31 * 1000) + (81 * 10)),
       (1, 16, 'MALE', 'LONG', 'MEDLEY',  400, (5 * 60000) +  (31 * 1000) + (80 * 10)),
       (1, 17, 'MALE', 'SHORT', 'FREE',   50,  (0 * 60000) +  (27 * 1000) + (5 * 10)),
       (1, 17, 'MALE', 'SHORT', 'FREE',   100, (0 * 60000) +  (58 * 1000) + (78 * 10)),
       (1, 17, 'MALE', 'SHORT', 'FREE',   200, (2 * 60000) +  (8 * 1000) + (84 * 10)),
       (1, 17, 'MALE', 'SHORT', 'FREE',   400, (4 * 60000) +  (37 * 1000) + (95 * 10)),
       (1, 17, 'MALE', 'SHORT', 'FREE',   800, (9 * 60000) + (42 * 1000) + (38 * 10)),
       (1, 17, 'MALE', 'SHORT', 'FREE',  1500, (18 * 60000) + (36 * 1000) + (53 * 10)),
       (1, 17, 'MALE', 'SHORT', 'BACK',   100, (1 * 60000) +  (6 * 1000) + (79 * 10)),
       (1, 17, 'MALE', 'SHORT', 'BACK',   200, (2 * 60000) +  (25 * 1000) + (30 * 10)),
       (1, 17, 'MALE', 'SHORT', 'BREAST', 100, (1 * 60000) +  (17 * 1000) + (12 * 10)),
       (1, 17, 'MALE', 'SHORT', 'BREAST', 200, (2 * 60000) +  (48 * 1000) + (3 * 10)),
       (1, 17, 'MALE', 'SHORT', 'FLY',    100, (1 * 60000) +  (6 * 1000) + (19 * 10)),
       (1, 17, 'MALE', 'SHORT', 'FLY',    200, (2 * 60000) +  (28 * 1000) + (89 * 10)),
       (1, 17, 'MALE', 'SHORT', 'MEDLEY', 200, (2 * 60000) +  (26 * 1000) + (17 * 10)),
       (1, 17, 'MALE', 'SHORT', 'MEDLEY', 400, (5 * 60000) +  (22 * 1000) + (5 * 10)),
       (1, 17, 'MALE', 'LONG', 'FREE',    50,  (0 * 60000) +  (27 * 1000) + (59 * 10)),
       (1, 17, 'MALE', 'LONG', 'FREE',    100, (0 * 60000) +  (59 * 1000) + (96 * 10)),
       (1, 17, 'MALE', 'LONG', 'FREE',    200, (2 * 60000) +  (11 * 1000) + (42 * 10)),
       (1, 17, 'MALE', 'LONG', 'FREE',    400, (4 * 60000) +  (43 * 1000) + (51 * 10)),
       (1, 17, 'MALE', 'LONG', 'FREE',    800, (9 * 60000) + (54 * 1000) +  (4 * 10)),
       (1, 17, 'MALE', 'LONG', 'FREE',   1500, (18 * 60000) + (58 * 1000) + (86 * 10)),
       (1, 17, 'MALE', 'LONG', 'BACK',    100, (1 * 60000) +  (8 * 1000) + (13 * 10)),
       (1, 17, 'MALE', 'LONG', 'BACK',    200, (2 * 60000) +  (28 * 1000) + (21 * 10)),
       (1, 17, 'MALE', 'LONG', 'BREAST',  100, (1 * 60000) +  (18 * 1000) + (66 * 10)),
       (1, 17, 'MALE', 'LONG', 'BREAST',  200, (2 * 60000) +  (51 * 1000) + (39 * 10)),
       (1, 17, 'MALE', 'LONG', 'FLY',     100, (1 * 60000) +  (7 * 1000) + (52 * 10)),
       (1, 17, 'MALE', 'LONG', 'FLY',     200, (2 * 60000) +  (31 * 1000) + (87 * 10)),
       (1, 17, 'MALE', 'LONG', 'MEDLEY',  200, (2 * 60000) +  (29 * 1000) + (9 * 10)),
       (1, 17, 'MALE', 'LONG', 'MEDLEY',  400, (5 * 60000) +  (28 * 1000) + (49 * 10));