delete from standard_time;
delete from meet;
delete from time_standard;
delete from swim_season;

insert into swim_season (id, name, start_date, end_date) values (1, '2023-2024', '2023-09-12', '2024-06-25');

insert into time_standard (id, season, name, min_age_time, max_age_time)
values (1, 1, 'Western Ontario Swimming Association Standards', 10, 17),
       (2, 1, 'Swim Ontario Festival Standards', 10, 12),
       (3, 1, 'Swim Ontario Youth-Junior Standards', 13, 18),
       (4, 1, 'Swim Ontario Swimming Championship Standards', 13, 17),
       (5, 1, 'Canadian Junior Championships Standards', 13, 16),
       (6, 1, 'Canadian Swimming Championships Standards', 18, 18),
       (7, 1, 'Canadian Swimming Trials Standards', 18, 18);

insert into meet (id, name, course, season, time_standard, age_date, start_date, end_date, website, min_age_enforced, max_age_enforced) 
values (1, 'Western Ontario Swimming Association (WOSA) Short Course Championships', 'SHORT', 1, 1, '2024-02-22', '2024-02-23', '2024-02-25', 'https://www.swimming.ca/en/meet/39709/', false, false),
       (2, 'Western Ontario Swimming Association (WOSA) Long Course Championships', 'LONG', 1, 1, '2024-06-01', '2024-05-31', '2024-06-02', 'https://www.swimming.ca/en/meet/39847/', false, false),
       (3, 'Ontario Festival Championships Winter', 'SHORT', 1, 2, '2024-02-17', '2024-02-17', '2024-02-18', 'https://www.swimming.ca/en/meet/41093/', false, true),
       (4, 'Ontario Festival Championships Summer', 'LONG', 1, 2, '2024-06-14', '2024-06-14', '2024-06-16', null, false, true),
       (5, 'Ontario Youth-Junior Championships (OYJ) Winter', 'LONG', 1, 3, '2024-02-15', '2024-02-15', '2024-02-18', 'https://www.swimming.ca/en/meet/41092/', false, true),
       (6, 'Ontario Youth-Junior Championships (OYJ) Summer', 'LONG', 1, 3, '2024-06-13', '2024-06-13', '2024-06-16', null, false, true),
       (7, 'Ontario Swimming Championships (OSC) Winter', 'LONG', 1, 4, '2024-02-29', '2024-02-29', '2024-03-03', 'https://www.swimming.ca/en/meet/41094/', false, false),
       (8, 'Ontario Swimming Championships (OSC) Summer', 'LONG', 1, 4, '2024-07-04', '2024-07-04', '2024-07-07', 'https://www.swimming.ca/en/meet/41098/', false, false),
       (9, 'Canadian Junior Championships (CSC)', 'LONG', 1, 5, '2024-07-24', '2024-07-24', '2024-07-30', 'https://www.swimming.ca/en/events-results/events/2024-speedo-canadian-swimming-championships/', true, true),
       (10, 'Canadian Swimming Championships (CSC)', 'LONG', 1, 6, '2024-07-24', '2024-07-24', '2024-07-30', 'https://www.swimming.ca/en/events-results/events/2024-speedo-canadian-swimming-championships/', true, false),
       (11, 'Canadian Swimming Olympic Trials', 'LONG', 1, 7, '2024-05-13', '2024-05-13', '2024-05-19', 'https://www.swimming.ca/en/events-results/events/2024-olympic-paralympic-trials-presented-by-bell/', true, false);

-- Western Ontario Swimming Association Standards
insert into standard_time (id, time_standard, age, gender, course, stroke, distance, standard)
values (1, 1, 10, 'FEMALE', 'SHORT', 'FREE',   50,  (0 * 60000) +  (41 * 1000) + (12 * 10)),
       (2, 1, 10, 'FEMALE', 'SHORT', 'FREE',   100, (1 * 60000) +  (31 * 1000) + (18 * 10)),
       (3, 1, 10, 'FEMALE', 'SHORT', 'FREE',   200, (3 * 60000) +  (20 * 1000) + (86 * 10)),
       (4, 1, 10, 'FEMALE', 'SHORT', 'FREE',   400, (7 * 60000) +  (0 * 1000) +  (73 * 10)),
       (5, 1, 10, 'FEMALE', 'SHORT', 'BACK',   100, (1 * 60000) +  (44 * 1000) + (29 * 10)),
       (6, 1, 10, 'FEMALE', 'SHORT', 'BACK',   200, (3 * 60000) +  (45 * 1000) + (26 * 10)),
       (7, 1, 10, 'FEMALE', 'SHORT', 'BREAST', 100, (1 * 60000) +  (58 * 1000) + (0 * 10)),
       (8, 1, 10, 'FEMALE', 'SHORT', 'FLY',    100, (1 * 60000) +  (50 * 1000) + (24 * 10)),
       (9, 1, 10, 'FEMALE', 'SHORT', 'MEDLEY', 100, (1 * 60000) +  (43 * 1000) + (53 * 10)),
       (10, 1, 10, 'FEMALE', 'SHORT', 'MEDLEY', 200, (3 * 60000) +  (48 * 1000) + (69 * 10)),
       (11, 1, 10, 'FEMALE', 'LONG', 'FREE',    50,  (0 * 60000) +  (41 * 1000) + (94 * 10)),
       (12, 1, 10, 'FEMALE', 'LONG', 'FREE',    100, (1 * 60000) +  (33 * 1000) + (1 * 10)),
       (13, 1, 10, 'FEMALE', 'LONG', 'FREE',    200, (3 * 60000) +  (24 * 1000) + (88 * 10)),
       (14, 1, 10, 'FEMALE', 'LONG', 'FREE',    400, (7 * 60000) +  (9 * 1000) +  (14 * 10)),
       (15, 1, 10, 'FEMALE', 'LONG', 'BACK',    100, (1 * 60000) +  (46 * 1000) + (37 * 10)),
       (16, 1, 10, 'FEMALE', 'LONG', 'BACK',    200, (3 * 60000) +  (49 * 1000) + (77 * 10)),
       (17, 1, 10, 'FEMALE', 'LONG', 'BREAST',  100, (2 * 60000) +  (0 * 1000) +  (36 * 10)),
       (18, 1, 10, 'FEMALE', 'LONG', 'FLY',     100, (1 * 60000) +  (52 * 1000) + (44 * 10)),
       (19, 1, 10, 'FEMALE', 'LONG', 'MEDLEY',  200, (3 * 60000) +  (53 * 1000) + (27 * 10)),
       (20, 1, 11, 'FEMALE', 'SHORT', 'FREE',   50,  (0 * 60000) +  (36 * 1000) + (41 * 10)),
       (21, 1, 11, 'FEMALE', 'SHORT', 'FREE',   100, (1 * 60000) +  (19 * 1000) + (64 * 10)),
       (22, 1, 11, 'FEMALE', 'SHORT', 'FREE',   200, (2 * 60000) +  (54 * 1000) + (8 * 10)),
       (23, 1, 11, 'FEMALE', 'SHORT', 'FREE',   400, (6 * 60000) +  (14 * 1000) + (22 * 10)),
       (24, 1, 11, 'FEMALE', 'SHORT', 'FREE',   800, (12 * 60000) + (46 * 1000) + (79 * 10)),
       (25, 1, 11, 'FEMALE', 'SHORT', 'BACK',   100, (1 * 60000) +  (31 * 1000) + (58 * 10)),
       (26, 1, 11, 'FEMALE', 'SHORT', 'BACK',   200, (3 * 60000) +  (15 * 1000) + (68 * 10)),
       (27, 1, 11, 'FEMALE', 'SHORT', 'BREAST', 100, (1 * 60000) +  (45 * 1000) + (81 * 10)),
       (28, 1, 11, 'FEMALE', 'SHORT', 'BREAST', 200, (3 * 60000) +  (46 * 1000) + (40 * 10)),
       (29, 1, 11, 'FEMALE', 'SHORT', 'FLY',    100, (1 * 60000) +  (35 * 1000) + (0 * 10)),
       (30, 1, 11, 'FEMALE', 'SHORT', 'FLY',    200, (3 * 60000) +  (38 * 1000) + (44 * 10)),
       (31, 1, 11, 'FEMALE', 'SHORT', 'MEDLEY', 200, (3 * 60000) +  (19 * 1000) + (82 * 10)),
       (32, 1, 11, 'FEMALE', 'SHORT', 'MEDLEY', 400, (7 * 60000) +  (0 * 1000) +  (94 * 10)),
       (33, 1, 11, 'FEMALE', 'LONG', 'FREE',    50,  (0 * 60000) +  (37 * 1000) + (14 * 10)),
       (34, 1, 11, 'FEMALE', 'LONG', 'FREE',    100, (1 * 60000) +  (21 * 1000) + (24 * 10)),
       (35, 1, 11, 'FEMALE', 'LONG', 'FREE',    200, (2 * 60000) +  (57 * 1000) + (55 * 10)),
       (36, 1, 11, 'FEMALE', 'LONG', 'FREE',    400, (6 * 60000) +  (21 * 1000) + (70 * 10)),
       (37, 1, 11, 'FEMALE', 'LONG', 'FREE',    800, (13 * 60000) + (2 * 1000) +  (13 * 10)),
       (38, 1, 11, 'FEMALE', 'LONG', 'BACK',    100, (1 * 60000) +  (33 * 1000) + (41 * 10)),
       (39, 1, 11, 'FEMALE', 'LONG', 'BACK',    200, (3 * 60000) +  (19 * 1000) + (60 * 10)),
       (40, 1, 11, 'FEMALE', 'LONG', 'BREAST',  100, (1 * 60000) +  (47 * 1000) + (92 * 10)),
       (41, 1, 11, 'FEMALE', 'LONG', 'BREAST',  200, (3 * 60000) +  (50 * 1000) + (93 * 10)),
       (42, 1, 11, 'FEMALE', 'LONG', 'FLY',     100, (1 * 60000) +  (36 * 1000) + (89 * 10)),
       (43, 1, 11, 'FEMALE', 'LONG', 'FLY',     200, (3 * 60000) +  (42 * 1000) + (81 * 10)),
       (44, 1, 11, 'FEMALE', 'LONG', 'MEDLEY',  200, (3 * 60000) +  (23 * 1000) + (81 * 10)),
       (45, 1, 11, 'FEMALE', 'LONG', 'MEDLEY',  400, (7 * 60000) +  (9 * 1000) +  (36 * 10)),
       (46, 1, 12, 'FEMALE', 'SHORT', 'FREE',   50,  (0 * 60000) +  (34 * 1000) + (69 * 10)),
       (47, 1, 12, 'FEMALE', 'SHORT', 'FREE',   100, (1 * 60000) +  (15 * 1000) + (9 * 10)),
       (48, 1, 12, 'FEMALE', 'SHORT', 'FREE',   200, (2 * 60000) +  (43 * 1000) + (82 * 10)),
       (49, 1, 12, 'FEMALE', 'SHORT', 'FREE',   400, (5 * 60000) +  (49 * 1000) + (97 * 10)),
       (50, 1, 12, 'FEMALE', 'SHORT', 'FREE',   800, (11 * 60000) + (51 * 1000) + (5 * 10)),
       (51, 1, 12, 'FEMALE', 'SHORT', 'BACK',   100, (1 * 60000) +  (25 * 1000) + (90 * 10)),
       (52, 1, 12, 'FEMALE', 'SHORT', 'BACK',   200, (3 * 60000) +  (4 * 1000) + (31 * 10)),
       (53, 1, 12, 'FEMALE', 'SHORT', 'BREAST', 100, (1 * 60000) +  (39 * 1000) + (55 * 10)),
       (54, 1, 12, 'FEMALE', 'SHORT', 'BREAST', 200, (3 * 60000) +  (32 * 1000) + (74 * 10)),
       (55, 1, 12, 'FEMALE', 'SHORT', 'FLY',    100, (1 * 60000) +  (28 * 1000) + (18 * 10)),
       (56, 1, 12, 'FEMALE', 'SHORT', 'FLY',    200, (3 * 60000) +  (20 * 1000) + (23 * 10)),
       (57, 1, 12, 'FEMALE', 'SHORT', 'MEDLEY', 200, (3 * 60000) +  (8 * 1000) + (27 * 10)),
       (58, 1, 12, 'FEMALE', 'SHORT', 'MEDLEY', 400, (6 * 60000) +  (36 * 1000) + (17 * 10)),
       (59, 1, 12, 'FEMALE', 'LONG', 'FREE',    50,  (0 * 60000) +  (35 * 1000) + (39 * 10)),
       (60, 1, 12, 'FEMALE', 'LONG', 'FREE',    100, (1 * 60000) +  (16 * 1000) + (59 * 10)),
       (61, 1, 12, 'FEMALE', 'LONG', 'FREE',    200, (2 * 60000) +  (47 * 1000) + (10 * 10)),
       (62, 1, 12, 'FEMALE', 'LONG', 'FREE',    400, (5 * 60000) +  (56 * 1000) + (96 * 10)),
       (63, 1, 12, 'FEMALE', 'LONG', 'FREE',    800, (12 * 60000) + (5 * 1000) +  (27 * 10)),
       (64, 1, 12, 'FEMALE', 'LONG', 'BACK',    100, (1 * 60000) +  (27 * 1000) + (60 * 10)),
       (65, 1, 12, 'FEMALE', 'LONG', 'BACK',    200, (3 * 60000) +  (7 * 1000) + (99 * 10)),
       (66, 1, 12, 'FEMALE', 'LONG', 'BREAST',  100, (1 * 60000) +  (41 * 1000) + (54 * 10)),
       (67, 1, 12, 'FEMALE', 'LONG', 'BREAST',  200, (3 * 60000) +  (37 * 1000) + (00 * 10)),
       (68, 1, 12, 'FEMALE', 'LONG', 'FLY',     100, (1 * 60000) +  (29 * 1000) + (93 * 10)),
       (69, 1, 12, 'FEMALE', 'LONG', 'FLY',     200, (3 * 60000) +  (24 * 1000) + (24 * 10)),
       (70, 1, 12, 'FEMALE', 'LONG', 'MEDLEY',  200, (3 * 60000) +  (12 * 1000) + (3 * 10)),
       (71, 1, 12, 'FEMALE', 'LONG', 'MEDLEY',  400, (6 * 60000) +  (44 * 1000) + (9 * 10)),
       (72, 1, 13, 'FEMALE', 'SHORT', 'FREE',   50,  (0 * 60000) +  (31 * 1000) + (47 * 10)),
       (73, 1, 13, 'FEMALE', 'SHORT', 'FREE',   100, (1 * 60000) +  (8 * 1000) + (17 * 10)),
       (74, 1, 13, 'FEMALE', 'SHORT', 'FREE',   200, (2 * 60000) +  (28 * 1000) + (7 * 10)),
       (75, 1, 13, 'FEMALE', 'SHORT', 'FREE',   400, (5 * 60000) +  (14 * 1000) + (90 * 10)),
       (76, 1, 13, 'FEMALE', 'SHORT', 'FREE',   800, (10 * 60000) + (50 * 1000) + (51 * 10)),
       (77, 1, 13, 'FEMALE', 'SHORT', 'FREE',  1500, (20 * 60000) + (46 * 1000) + (77 * 10)),
       (78, 1, 13, 'FEMALE', 'SHORT', 'BACK',   100, (1 * 60000) +  (16 * 1000) + (93 * 10)),
       (79, 1, 13, 'FEMALE', 'SHORT', 'BACK',   200, (2 * 60000) +  (46 * 1000) + (5 * 10)),
       (80, 1, 13, 'FEMALE', 'SHORT', 'BREAST', 100, (1 * 60000) +  (28 * 1000) + (15 * 10)),
       (81, 1, 13, 'FEMALE', 'SHORT', 'BREAST', 200, (3 * 60000) +  (9 * 1000) + (89 * 10)),
       (82, 1, 13, 'FEMALE', 'SHORT', 'FLY',    100, (1 * 60000) +  (16 * 1000) + (73 * 10)),
       (83, 1, 13, 'FEMALE', 'SHORT', 'FLY',    200, (2 * 60000) +  (54 * 1000) + (27 * 10)),
       (84, 1, 13, 'FEMALE', 'SHORT', 'MEDLEY', 200, (2 * 60000) +  (49 * 1000) + (77 * 10)),
       (85, 1, 13, 'FEMALE', 'SHORT', 'MEDLEY', 400, (5 * 60000) +  (58 * 1000) + (74 * 10)),
       (86, 1, 13, 'FEMALE', 'LONG', 'FREE',    50,  (0 * 60000) +  (32 * 1000) + (11 * 10)),
       (87, 1, 13, 'FEMALE', 'LONG', 'FREE',    100, (1 * 60000) +  (9 * 1000) + (53 * 10)),
       (88, 1, 13, 'FEMALE', 'LONG', 'FREE',    200, (2 * 60000) +  (31 * 1000) + (3 * 10)),
       (89, 1, 13, 'FEMALE', 'LONG', 'FREE',    400, (5 * 60000) +  (21 * 1000) + (20 * 10)),
       (90, 1, 13, 'FEMALE', 'LONG', 'FREE',    800, (11 * 60000) + (3 * 1000) +  (52 * 10)),
       (91, 1, 13, 'FEMALE', 'LONG', 'FREE',   1500, (21 * 60000) + (11 * 1000) + (71 * 10)),
       (92, 1, 13, 'FEMALE', 'LONG', 'BACK',    100, (1 * 60000) +  (18 * 1000) + (47 * 10)),
       (93, 1, 13, 'FEMALE', 'LONG', 'BACK',    200, (2 * 60000) +  (49 * 1000) + (37 * 10)),
       (94, 1, 13, 'FEMALE', 'LONG', 'BREAST',  100, (1 * 60000) +  (29 * 1000) + (91 * 10)),
       (95, 1, 13, 'FEMALE', 'LONG', 'BREAST',  200, (3 * 60000) +  (13 * 1000) + (69 * 10)),
       (96, 1, 13, 'FEMALE', 'LONG', 'FLY',     100, (1 * 60000) +  (18 * 1000) + (27 * 10)),
       (97, 1, 13, 'FEMALE', 'LONG', 'FLY',     200, (2 * 60000) +  (57 * 1000) + (76 * 10)),
       (98, 1, 13, 'FEMALE', 'LONG', 'MEDLEY',  200, (2 * 60000) +  (53 * 1000) + (17 * 10)),
       (99, 1, 13, 'FEMALE', 'LONG', 'MEDLEY',  400, (6 * 60000) +  (5 * 1000) + (92 * 10)),
       (100, 1, 14, 'FEMALE', 'SHORT', 'FREE',   50,  (0 * 60000) +  (30 * 1000) + (92 * 10)),
       (101, 1, 14, 'FEMALE', 'SHORT', 'FREE',   100, (1 * 60000) +  (6 * 1000) + (72 * 10)),
       (102, 1, 14, 'FEMALE', 'SHORT', 'FREE',   200, (2 * 60000) +  (24 * 1000) + (83 * 10)),
       (103, 1, 14, 'FEMALE', 'SHORT', 'FREE',   400, (5 * 60000) +  (6 * 1000) + (59 * 10)),
       (104, 1, 14, 'FEMALE', 'SHORT', 'FREE',   800, (10 * 60000) + (40 * 1000) + (95 * 10)),
       (105, 1, 14, 'FEMALE', 'SHORT', 'FREE',  1500, (20 * 60000) + (28 * 1000) + (44 * 10)),
       (106, 1, 14, 'FEMALE', 'SHORT', 'BACK',   100, (1 * 60000) +  (15 * 1000) + (61 * 10)),
       (107, 1, 14, 'FEMALE', 'SHORT', 'BACK',   200, (2 * 60000) +  (41 * 1000) + (83 * 10)),
       (108, 1, 14, 'FEMALE', 'SHORT', 'BREAST', 100, (1 * 60000) +  (27 * 1000) + (9 * 10)),
       (109, 1, 14, 'FEMALE', 'SHORT', 'BREAST', 200, (3 * 60000) +  (7 * 1000) + (57 * 10)),
       (110, 1, 14, 'FEMALE', 'SHORT', 'FLY',    100, (1 * 60000) +  (15 * 1000) + (54 * 10)),
       (111, 1, 14, 'FEMALE', 'SHORT', 'FLY',    200, (2 * 60000) +  (51 * 1000) + (20 * 10)),
       (112, 1, 14, 'FEMALE', 'SHORT', 'MEDLEY', 200, (2 * 60000) +  (45 * 1000) + (7 * 10)),
       (113, 1, 14, 'FEMALE', 'SHORT', 'MEDLEY', 400, (5 * 60000) +  (55 * 1000) + (69 * 10)),
       (114, 1, 14, 'FEMALE', 'LONG', 'FREE',    50,  (0 * 60000) +  (31 * 1000) + (54 * 10)),
       (115, 1, 14, 'FEMALE', 'LONG', 'FREE',    100, (1 * 60000) +  (8 * 1000) + (5 * 10)),
       (116, 1, 14, 'FEMALE', 'LONG', 'FREE',    200, (2 * 60000) +  (27 * 1000) + (72 * 10)),
       (117, 1, 14, 'FEMALE', 'LONG', 'FREE',    400, (5 * 60000) +  (12 * 1000) + (72 * 10)),
       (118, 1, 14, 'FEMALE', 'LONG', 'FREE',    800, (10 * 60000) + (53 * 1000) +  (76 * 10)),
       (119, 1, 14, 'FEMALE', 'LONG', 'FREE',   1500, (20 * 60000) + (53 * 1000) + (1 * 10)),
       (120, 1, 14, 'FEMALE', 'LONG', 'BACK',    100, (1 * 60000) +  (17 * 1000) + (13 * 10)),
       (121, 1, 14, 'FEMALE', 'LONG', 'BACK',    200, (2 * 60000) +  (45 * 1000) + (7 * 10)),
       (122, 1, 14, 'FEMALE', 'LONG', 'BREAST',  100, (1 * 60000) +  (28 * 1000) + (84 * 10)),
       (123, 1, 14, 'FEMALE', 'LONG', 'BREAST',  200, (3 * 60000) +  (11 * 1000) + (27 * 10)),
       (124, 1, 14, 'FEMALE', 'LONG', 'FLY',     100, (1 * 60000) +  (17 * 1000) + (4 * 10)),
       (125, 1, 14, 'FEMALE', 'LONG', 'FLY',     200, (2 * 60000) +  (54 * 1000) + (63 * 10)),
       (126, 1, 14, 'FEMALE', 'LONG', 'MEDLEY',  200, (2 * 60000) +  (48 * 1000) + (38 * 10)),
       (127, 1, 14, 'FEMALE', 'LONG', 'MEDLEY',  400, (6 * 60000) +  (2 * 1000) + (80 * 10)),
       (128, 1, 15, 'FEMALE', 'SHORT', 'FREE',   50,  (0 * 60000) +  (30 * 1000) + (47 * 10)),
       (129, 1, 15, 'FEMALE', 'SHORT', 'FREE',   100, (1 * 60000) +  (5 * 1000) + (98 * 10)),
       (130, 1, 15, 'FEMALE', 'SHORT', 'FREE',   200, (2 * 60000) +  (23 * 1000) + (52 * 10)),
       (131, 1, 15, 'FEMALE', 'SHORT', 'FREE',   400, (5 * 60000) +  (4 * 1000) + (88 * 10)),
       (132, 1, 15, 'FEMALE', 'SHORT', 'FREE',   800, (10 * 60000) + (33 * 1000) + (68 * 10)),
       (133, 1, 15, 'FEMALE', 'SHORT', 'FREE',  1500, (20 * 60000) + (14 * 1000) + (55 * 10)),
       (134, 1, 15, 'FEMALE', 'SHORT', 'BACK',   100, (1 * 60000) +  (14 * 1000) + (53 * 10)),
       (135, 1, 15, 'FEMALE', 'SHORT', 'BACK',   200, (2 * 60000) +  (40 * 1000) + (4 * 10)),
       (136, 1, 15, 'FEMALE', 'SHORT', 'BREAST', 100, (1 * 60000) +  (26 * 1000) + (43 * 10)),
       (137, 1, 15, 'FEMALE', 'SHORT', 'BREAST', 200, (3 * 60000) +  (6 * 1000) + (96 * 10)),
       (138, 1, 15, 'FEMALE', 'SHORT', 'FLY',    100, (1 * 60000) +  (14 * 1000) + (38 * 10)),
       (139, 1, 15, 'FEMALE', 'SHORT', 'FLY',    200, (2 * 60000) +  (49 * 1000) + (87 * 10)),
       (140, 1, 15, 'FEMALE', 'SHORT', 'MEDLEY', 200, (2 * 60000) +  (43 * 1000) + (37 * 10)),
       (141, 1, 15, 'FEMALE', 'SHORT', 'MEDLEY', 400, (5 * 60000) +  (45 * 1000) + (79 * 10)),
       (142, 1, 15, 'FEMALE', 'LONG', 'FREE',    50,  (0 * 60000) +  (31 * 1000) + (8 * 10)),
       (143, 1, 15, 'FEMALE', 'LONG', 'FREE',    100, (1 * 60000) +  (7 * 1000) + (30 * 10)),
       (144, 1, 15, 'FEMALE', 'LONG', 'FREE',    200, (2 * 60000) +  (27 * 1000) + (29 * 10)),
       (145, 1, 15, 'FEMALE', 'LONG', 'FREE',    400, (5 * 60000) +  (10 * 1000) + (97 * 10)),
       (146, 1, 15, 'FEMALE', 'LONG', 'FREE',    800, (10 * 60000) + (47 * 1000) +  (46 * 10)),
       (147, 1, 15, 'FEMALE', 'LONG', 'FREE',   1500, (20 * 60000) + (38 * 1000) + (84 * 10)),
       (148, 1, 15, 'FEMALE', 'LONG', 'BACK',    100, (1 * 60000) +  (16 * 1000) + (2 * 10)),
       (149, 1, 15, 'FEMALE', 'LONG', 'BACK',    200, (2 * 60000) +  (43 * 1000) + (24 * 10)),
       (150, 1, 15, 'FEMALE', 'LONG', 'BREAST',  100, (1 * 60000) +  (28 * 1000) + (15 * 10)),
       (151, 1, 15, 'FEMALE', 'LONG', 'BREAST',  200, (3 * 60000) +  (10 * 1000) + (70 * 10)),
       (152, 1, 15, 'FEMALE', 'LONG', 'FLY',     100, (1 * 60000) +  (15 * 1000) + (87 * 10)),
       (153, 1, 15, 'FEMALE', 'LONG', 'FLY',     200, (2 * 60000) +  (53 * 1000) + (27 * 10)),
       (154, 1, 15, 'FEMALE', 'LONG', 'MEDLEY',  200, (2 * 60000) +  (46 * 1000) + (64 * 10)),
       (155, 1, 15, 'FEMALE', 'LONG', 'MEDLEY',  400, (5 * 60000) +  (52 * 1000) + (70 * 10)),
       (156, 1, 16, 'FEMALE', 'SHORT', 'FREE',   50,  (0 * 60000) +  (30 * 1000) + (27 * 10)),
       (157, 1, 16, 'FEMALE', 'SHORT', 'FREE',   100, (1 * 60000) +  (5 * 1000) + (58 * 10)),
       (158, 1, 16, 'FEMALE', 'SHORT', 'FREE',   200, (2 * 60000) +  (21 * 1000) + (65 * 10)),
       (159, 1, 16, 'FEMALE', 'SHORT', 'FREE',   400, (5 * 60000) +  (0 * 1000) + (82 * 10)),
       (160, 1, 16, 'FEMALE', 'SHORT', 'FREE',   800, (10 * 60000) + (21 * 1000) + (72 * 10)),
       (161, 1, 16, 'FEMALE', 'SHORT', 'FREE',  1500, (19 * 60000) + (51 * 1000) + (60 * 10)),
       (162, 1, 16, 'FEMALE', 'SHORT', 'BACK',   100, (1 * 60000) +  (13 * 1000) + (40 * 10)),
       (163, 1, 16, 'FEMALE', 'SHORT', 'BACK',   200, (2 * 60000) +  (38 * 1000) + (70 * 10)),
       (164, 1, 16, 'FEMALE', 'SHORT', 'BREAST', 100, (1 * 60000) +  (25 * 1000) + (95 * 10)),
       (165, 1, 16, 'FEMALE', 'SHORT', 'BREAST', 200, (3 * 60000) +  (5 * 1000) + (52 * 10)),
       (166, 1, 16, 'FEMALE', 'SHORT', 'FLY',    100, (1 * 60000) +  (13 * 1000) + (41 * 10)),
       (167, 1, 16, 'FEMALE', 'SHORT', 'FLY',    200, (2 * 60000) +  (44 * 1000) + (47 * 10)),
       (168, 1, 16, 'FEMALE', 'SHORT', 'MEDLEY', 200, (2 * 60000) +  (40 * 1000) + (96 * 10)),
       (169, 1, 16, 'FEMALE', 'SHORT', 'MEDLEY', 400, (5 * 60000) +  (43 * 1000) + (56 * 10)),
       (170, 1, 16, 'FEMALE', 'LONG', 'FREE',    50,  (0 * 60000) +  (30 * 1000) + (88 * 10)),
       (171, 1, 16, 'FEMALE', 'LONG', 'FREE',    100, (1 * 60000) +  (6 * 1000) + (89 * 10)),
       (172, 1, 16, 'FEMALE', 'LONG', 'FREE',    200, (2 * 60000) +  (24 * 1000) + (49 * 10)),
       (173, 1, 16, 'FEMALE', 'LONG', 'FREE',    400, (5 * 60000) +  (6 * 1000) + (83 * 10)),
       (174, 1, 16, 'FEMALE', 'LONG', 'FREE',    800, (10 * 60000) + (34 * 1000) +  (15 * 10)),
       (175, 1, 16, 'FEMALE', 'LONG', 'FREE',   1500, (20 * 60000) + (15 * 1000) + (43 * 10)),
       (176, 1, 16, 'FEMALE', 'LONG', 'BACK',    100, (1 * 60000) +  (14 * 1000) + (87 * 10)),
       (177, 1, 16, 'FEMALE', 'LONG', 'BACK',    200, (2 * 60000) +  (41 * 1000) + (88 * 10)),
       (178, 1, 16, 'FEMALE', 'LONG', 'BREAST',  100, (1 * 60000) +  (27 * 1000) + (67 * 10)),
       (179, 1, 16, 'FEMALE', 'LONG', 'BREAST',  200, (3 * 60000) +  (9 * 1000) + (22 * 10)),
       (180, 1, 16, 'FEMALE', 'LONG', 'FLY',     100, (1 * 60000) +  (14 * 1000) + (88 * 10)),
       (181, 1, 16, 'FEMALE', 'LONG', 'FLY',     200, (2 * 60000) +  (47 * 1000) + (76 * 10)),
       (182, 1, 16, 'FEMALE', 'LONG', 'MEDLEY',  200, (2 * 60000) +  (44 * 1000) + (19 * 10)),
       (183, 1, 16, 'FEMALE', 'LONG', 'MEDLEY',  400, (5 * 60000) +  (50 * 1000) + (44 * 10)),
       (184, 1, 17, 'FEMALE', 'SHORT', 'FREE',   50,  (0 * 60000) +  (29 * 1000) + (90 * 10)),
       (185, 1, 17, 'FEMALE', 'SHORT', 'FREE',   100, (1 * 60000) +  (4 * 1000) + (60 * 10)),
       (186, 1, 17, 'FEMALE', 'SHORT', 'FREE',   200, (2 * 60000) +  (19 * 1000) + (83 * 10)),
       (187, 1, 17, 'FEMALE', 'SHORT', 'FREE',   400, (4 * 60000) +  (57 * 1000) + (33 * 10)),
       (188, 1, 17, 'FEMALE', 'SHORT', 'FREE',   800, (10 * 60000) + (15 * 1000) + (51 * 10)),
       (189, 1, 17, 'FEMALE', 'SHORT', 'FREE',  1500, (19 * 60000) + (39 * 1000) + (68 * 10)),
       (190, 1, 17, 'FEMALE', 'SHORT', 'BACK',   100, (1 * 60000) +  (12 * 1000) + (20 * 10)),
       (191, 1, 17, 'FEMALE', 'SHORT', 'BACK',   200, (2 * 60000) +  (35 * 1000) + (99 * 10)),
       (192, 1, 17, 'FEMALE', 'SHORT', 'BREAST', 100, (1 * 60000) +  (25 * 1000) + (9 * 10)),
       (193, 1, 17, 'FEMALE', 'SHORT', 'BREAST', 200, (3 * 60000) +  (4 * 1000) + (58 * 10)),
       (194, 1, 17, 'FEMALE', 'SHORT', 'FLY',    100, (1 * 60000) +  (12 * 1000) + (67 * 10)),
       (195, 1, 17, 'FEMALE', 'SHORT', 'FLY',    200, (2 * 60000) +  (42 * 1000) + (2 * 10)),
       (196, 1, 17, 'FEMALE', 'SHORT', 'MEDLEY', 200, (2 * 60000) +  (39 * 1000) + (47 * 10)),
       (197, 1, 17, 'FEMALE', 'SHORT', 'MEDLEY', 400, (5 * 60000) +  (39 * 1000) + (45 * 10)),
       (198, 1, 17, 'FEMALE', 'LONG', 'FREE',    50,  (0 * 60000) +  (30 * 1000) + (49 * 10)),
       (199, 1, 17, 'FEMALE', 'LONG', 'FREE',    100, (1 * 60000) +  (5 * 1000) + (89 * 10)),
       (200, 1, 17, 'FEMALE', 'LONG', 'FREE',    200, (2 * 60000) +  (22 * 1000) + (63 * 10)),
       (201, 1, 17, 'FEMALE', 'LONG', 'FREE',    400, (5 * 60000) +  (3 * 1000) + (28 * 10)),
       (202, 1, 17, 'FEMALE', 'LONG', 'FREE',    800, (10 * 60000) + (27 * 1000) +  (81 * 10)),
       (203, 1, 17, 'FEMALE', 'LONG', 'FREE',   1500, (20 * 60000) + (3 * 1000) + (28 * 10)),
       (204, 1, 17, 'FEMALE', 'LONG', 'BACK',    100, (1 * 60000) +  (13 * 1000) + (65 * 10)),
       (205, 1, 17, 'FEMALE', 'LONG', 'BACK',    200, (2 * 60000) +  (39 * 1000) + (12 * 10)),
       (206, 1, 17, 'FEMALE', 'LONG', 'BREAST',  100, (1 * 60000) +  (26 * 1000) + (79 * 10)),
       (207, 1, 17, 'FEMALE', 'LONG', 'BREAST',  200, (3 * 60000) +  (8 * 1000) + (28 * 10)),
       (208, 1, 17, 'FEMALE', 'LONG', 'FLY',     100, (1 * 60000) +  (14 * 1000) + (12 * 10)),
       (209, 1, 17, 'FEMALE', 'LONG', 'FLY',     200, (2 * 60000) +  (45 * 1000) + (26 * 10)),
       (210, 1, 17, 'FEMALE', 'LONG', 'MEDLEY',  200, (2 * 60000) +  (42 * 1000) + (66 * 10)),
       (211, 1, 17, 'FEMALE', 'LONG', 'MEDLEY',  400, (5 * 60000) +  (46 * 1000) + (24 * 10)),
       (212, 1, 10, 'MALE', 'SHORT', 'FREE',   50,  (0 * 60000) +  (40 * 1000) + (35 * 10)),
       (213, 1, 10, 'MALE', 'SHORT', 'FREE',   100, (1 * 60000) +  (32 * 1000) + (96 * 10)),
       (214, 1, 10, 'MALE', 'SHORT', 'FREE',   200, (3 * 60000) +  (26 * 1000) + (91 * 10)),
       (215, 1, 10, 'MALE', 'SHORT', 'FREE',   400, (7 * 60000) +  (11 * 1000) + (45 * 10)),
       (216, 1, 10, 'MALE', 'SHORT', 'BACK',   100, (1 * 60000) +  (47 * 1000) + (27 * 10)),
       (217, 1, 10, 'MALE', 'SHORT', 'BACK',   200, (3 * 60000) +  (55 * 1000) + (98 * 10)),
       (218, 1, 10, 'MALE', 'SHORT', 'BREAST', 100, (2 * 60000) +  (2 * 1000) + (77 * 10)),
       (219, 1, 10, 'MALE', 'SHORT', 'FLY',    100, (1 * 60000) +  (55 * 1000) + (62 * 10)),
       (220, 1, 10, 'MALE', 'SHORT', 'MEDLEY', 100, (1 * 60000) +  (45 * 1000) + (81 * 10)),
       (221, 1, 10, 'MALE', 'SHORT', 'MEDLEY', 200, (3 * 60000) +  (52 * 1000) + (32 * 10)),
       (222, 1, 10, 'MALE', 'LONG', 'FREE',    50,  (0 * 60000) +  (41 * 1000) + (72 * 10)),
       (223, 1, 10, 'MALE', 'LONG', 'FREE',    100, (1 * 60000) +  (34 * 1000) + (83 * 10)),
       (224, 1, 10, 'MALE', 'LONG', 'FREE',    200, (3 * 60000) +  (31 * 1000) + (5 * 10)),
       (225, 1, 10, 'MALE', 'LONG', 'FREE',    400, (7 * 60000) +  (20 * 1000) + (8 * 10)),
       (226, 1, 10, 'MALE', 'LONG', 'BACK',    100, (1 * 60000) +  (49 * 1000) + (41 * 10)),
       (227, 1, 10, 'MALE', 'LONG', 'BACK',    200, (4 * 60000) +  (0 * 1000) + (70 * 10)),
       (228, 1, 10, 'MALE', 'LONG', 'BREAST',  100, (2 * 60000) +  (5 * 1000) +  (21 * 10)),
       (229, 1, 10, 'MALE', 'LONG', 'FLY',     100, (1 * 60000) +  (57 * 1000) + (93 * 10)),
       (230, 1, 10, 'MALE', 'LONG', 'MEDLEY',  200, (3 * 60000) +  (56 * 1000) + (96 * 10)),
       (231, 1, 11, 'MALE', 'SHORT', 'FREE',   50,  (0 * 60000) +  (36 * 1000) + (70 * 10)),
       (232, 1, 11, 'MALE', 'SHORT', 'FREE',   100, (1 * 60000) +  (20 * 1000) + (78 * 10)),
       (233, 1, 11, 'MALE', 'SHORT', 'FREE',   200, (2 * 60000) +  (57 * 1000) + (47 * 10)),
       (234, 1, 11, 'MALE', 'SHORT', 'FREE',   400, (6 * 60000) +  (21 * 1000) + (15 * 10)),
       (235, 1, 11, 'MALE', 'SHORT', 'FREE',   800, (13 * 60000) + (22 * 1000) + (6 * 10)),
       (236, 1, 11, 'MALE', 'SHORT', 'BACK',   100, (1 * 60000) +  (32 * 1000) + (72 * 10)),
       (237, 1, 11, 'MALE', 'SHORT', 'BACK',   200, (3 * 60000) +  (20 * 1000) + (23 * 10)),
       (238, 1, 11, 'MALE', 'SHORT', 'BREAST', 100, (1 * 60000) +  (48 * 1000) + (8 * 10)),
       (239, 1, 11, 'MALE', 'SHORT', 'BREAST', 200, (3 * 60000) +  (56 * 1000) + (63 * 10)),
       (240, 1, 11, 'MALE', 'SHORT', 'FLY',    100, (1 * 60000) +  (37 * 1000) + (85 * 10)),
       (241, 1, 11, 'MALE', 'SHORT', 'FLY',    200, (4 * 60000) +  (4 * 1000) + (61 * 10)),
       (242, 1, 11, 'MALE', 'SHORT', 'MEDLEY', 200, (3 * 60000) +  (22 * 1000) + (13 * 10)),
       (243, 1, 11, 'MALE', 'SHORT', 'MEDLEY', 400, (7 * 60000) +  (29 * 1000) + (38 * 10)),
       (244, 1, 11, 'MALE', 'LONG', 'FREE',    50,  (0 * 60000) +  (37 * 1000) + (43 * 10)),
       (245, 1, 11, 'MALE', 'LONG', 'FREE',    100, (1 * 60000) +  (22 * 1000) + (39 * 10)),
       (246, 1, 11, 'MALE', 'LONG', 'FREE',    200, (3 * 60000) +  (1 * 1000) + (3 * 10)),
       (247, 1, 11, 'MALE', 'LONG', 'FREE',    400, (6 * 60000) +  (28 * 1000) + (77 * 10)),
       (248, 1, 11, 'MALE', 'LONG', 'FREE',    800, (13 * 60000) + (38 * 1000) + (10 * 10)),
       (249, 1, 11, 'MALE', 'LONG', 'BACK',    100, (1 * 60000) +  (34 * 1000) + (57 * 10)),
       (250, 1, 11, 'MALE', 'LONG', 'BACK',    200, (3 * 60000) +  (24 * 1000) + (24 * 10)),
       (251, 1, 11, 'MALE', 'LONG', 'BREAST',  100, (1 * 60000) +  (50 * 1000) + (24 * 10)),
       (252, 1, 11, 'MALE', 'LONG', 'BREAST',  200, (4 * 60000) +  (1 * 1000) + (37 * 10)),
       (253, 1, 11, 'MALE', 'LONG', 'FLY',     100, (1 * 60000) +  (39 * 1000) + (79 * 10)),
       (254, 1, 11, 'MALE', 'LONG', 'FLY',     200, (4 * 60000) +  (9 * 1000) + (49 * 10)),
       (255, 1, 11, 'MALE', 'LONG', 'MEDLEY',  200, (3 * 60000) +  (26 * 1000) + (17 * 10)),
       (256, 1, 11, 'MALE', 'LONG', 'MEDLEY',  400, (7 * 60000) +  (38 * 1000) + (37 * 10)),
       (257, 1, 12, 'MALE', 'SHORT', 'FREE',   50,  (0 * 60000) +  (33 * 1000) + (90 * 10)),
       (258, 1, 12, 'MALE', 'SHORT', 'FREE',   100, (1 * 60000) +  (14 * 1000) + (53 * 10)),
       (259, 1, 12, 'MALE', 'SHORT', 'FREE',   200, (2 * 60000) +  (42 * 1000) + (69 * 10)),
       (260, 1, 12, 'MALE', 'SHORT', 'FREE',   400, (5 * 60000) +  (51 * 1000) + (12 * 10)),
       (261, 1, 12, 'MALE', 'SHORT', 'FREE',   800, (12 * 60000) + (0 * 1000) + (16 * 10)),
       (262, 1, 12, 'MALE', 'SHORT', 'BACK',   100, (1 * 60000) +  (27 * 1000) + (3 * 10)),
       (263, 1, 12, 'MALE', 'SHORT', 'BACK',   200, (3 * 60000) +  (4 * 1000) + (87 * 10)),
       (264, 1, 12, 'MALE', 'SHORT', 'BREAST', 100, (1 * 60000) +  (38 * 1000) + (99 * 10)),
       (265, 1, 12, 'MALE', 'SHORT', 'BREAST', 200, (3 * 60000) +  (33 * 1000) + (74 * 10)),
       (266, 1, 12, 'MALE', 'SHORT', 'FLY',    100, (1 * 60000) +  (27 * 1000) + (60 * 10)),
       (267, 1, 12, 'MALE', 'SHORT', 'FLY',    200, (3 * 60000) +  (23 * 1000) + (65 * 10)),
       (268, 1, 12, 'MALE', 'SHORT', 'MEDLEY', 200, (3 * 60000) +  (8 * 1000) + (27 * 10)),
       (269, 1, 12, 'MALE', 'SHORT', 'MEDLEY', 400, (6 * 60000) +  (44 * 1000) + (25 * 10)),
       (270, 1, 12, 'MALE', 'LONG', 'FREE',    50,  (0 * 60000) +  (34 * 1000) + (58 * 10)),
       (271, 1, 12, 'MALE', 'LONG', 'FREE',    100, (1 * 60000) +  (16 * 1000) + (1 * 10)),
       (272, 1, 12, 'MALE', 'LONG', 'FREE',    200, (2 * 60000) +  (45 * 1000) + (94 * 10)),
       (273, 1, 12, 'MALE', 'LONG', 'FREE',    400, (5 * 60000) +  (58 * 1000) + (14 * 10)),
       (274, 1, 12, 'MALE', 'LONG', 'FREE',    800, (12 * 60000) + (14 * 1000) + (56 * 10)),
       (275, 1, 12, 'MALE', 'LONG', 'BACK',    100, (1 * 60000) +  (28 * 1000) + (77 * 10)),
       (276, 1, 12, 'MALE', 'LONG', 'BACK',    200, (3 * 60000) +  (8 * 1000) + (56 * 10)),
       (277, 1, 12, 'MALE', 'LONG', 'BREAST',  100, (1 * 60000) +  (40 * 1000) + (96 * 10)),
       (278, 1, 12, 'MALE', 'LONG', 'BREAST',  200, (3 * 60000) +  (37 * 1000) + (00 * 10)),
       (279, 1, 12, 'MALE', 'LONG', 'FLY',     100, (1 * 60000) +  (29 * 1000) + (35 * 10)),
       (280, 1, 12, 'MALE', 'LONG', 'FLY',     200, (3 * 60000) +  (27 * 1000) + (71 * 10)),
       (281, 1, 12, 'MALE', 'LONG', 'MEDLEY',  200, (3 * 60000) +  (12 * 1000) + (3 * 10)),
       (282, 1, 12, 'MALE', 'LONG', 'MEDLEY',  400, (6 * 60000) +  (52 * 1000) + (34 * 10)),
       (283, 1, 13, 'MALE', 'SHORT', 'FREE',   50,  (0 * 60000) +  (29 * 1000) + (87 * 10)),
       (284, 1, 13, 'MALE', 'SHORT', 'FREE',   100, (1 * 60000) +  (5 * 1000) + (36 * 10)),
       (285, 1, 13, 'MALE', 'SHORT', 'FREE',   200, (2 * 60000) +  (23 * 1000) + (15 * 10)),
       (286, 1, 13, 'MALE', 'SHORT', 'FREE',   400, (5 * 60000) +  (6 * 1000) + (38 * 10)),
       (287, 1, 13, 'MALE', 'SHORT', 'FREE',   800, (10 * 60000) + (39 * 1000) + (78 * 10)),
       (288, 1, 13, 'MALE', 'SHORT', 'FREE',  1500, (20 * 60000) + (34 * 1000) + (15 * 10)),
       (289, 1, 13, 'MALE', 'SHORT', 'BACK',   100, (1 * 60000) +  (14 * 1000) + (53 * 10)),
       (290, 1, 13, 'MALE', 'SHORT', 'BACK',   200, (2 * 60000) +  (41 * 1000) + (6 * 10)),
       (291, 1, 13, 'MALE', 'SHORT', 'BREAST', 100, (1 * 60000) +  (25 * 1000) + (58 * 10)),
       (292, 1, 13, 'MALE', 'SHORT', 'BREAST', 200, (3 * 60000) +  (4 * 1000) + (76 * 10)),
       (293, 1, 13, 'MALE', 'SHORT', 'FLY',    100, (1 * 60000) +  (14 * 1000) + (50 * 10)),
       (294, 1, 13, 'MALE', 'SHORT', 'FLY',    200, (2 * 60000) +  (48 * 1000) + (9 * 10)),
       (295, 1, 13, 'MALE', 'SHORT', 'MEDLEY', 200, (2 * 60000) +  (51 * 1000) + (5 * 10)),
       (296, 1, 13, 'MALE', 'SHORT', 'MEDLEY', 400, (5 * 60000) +  (47 * 1000) + (80 * 10)),
       (297, 1, 13, 'MALE', 'LONG', 'FREE',    50,  (0 * 60000) +  (30 * 1000) + (46 * 10)),
       (298, 1, 13, 'MALE', 'LONG', 'FREE',    100, (1 * 60000) +  (6 * 1000) + (67 * 10)),
       (299, 1, 13, 'MALE', 'LONG', 'FREE',    200, (2 * 60000) +  (26 * 1000) + (1 * 10)),
       (300, 1, 13, 'MALE', 'LONG', 'FREE',    400, (5 * 60000) +  (12 * 1000) + (51 * 10)),
       (301, 1, 13, 'MALE', 'LONG', 'FREE',    800, (10 * 60000) + (52 * 1000) +  (58 * 10)),
       (302, 1, 13, 'MALE', 'LONG', 'FREE',   1500, (20 * 60000) + (58 * 1000) + (83 * 10)),
       (303, 1, 13, 'MALE', 'LONG', 'BACK',    100, (1 * 60000) +  (16 * 1000) + (2 * 10)),
       (304, 1, 13, 'MALE', 'LONG', 'BACK',    200, (2 * 60000) +  (44 * 1000) + (29 * 10)),
       (305, 1, 13, 'MALE', 'LONG', 'BREAST',  100, (1 * 60000) +  (27 * 1000) + (30 * 10)),
       (306, 1, 13, 'MALE', 'LONG', 'BREAST',  200, (3 * 60000) +  (8 * 1000) + (45 * 10)),
       (307, 1, 13, 'MALE', 'LONG', 'FLY',     100, (1 * 60000) +  (16 * 1000) + (0 * 10)),
       (308, 1, 13, 'MALE', 'LONG', 'FLY',     200, (2 * 60000) +  (51 * 1000) + (46 * 10)),
       (309, 1, 13, 'MALE', 'LONG', 'MEDLEY',  200, (2 * 60000) +  (46 * 1000) + (65 * 10)),
       (310, 1, 13, 'MALE', 'LONG', 'MEDLEY',  400, (5 * 60000) +  (54 * 1000) + (75 * 10)),
       (311, 1, 14, 'MALE', 'SHORT', 'FREE',   50,  (0 * 60000) +  (28 * 1000) + (97 * 10)),
       (312, 1, 14, 'MALE', 'SHORT', 'FREE',   100, (1 * 60000) +  (3 * 1000) + (12 * 10)),
       (313, 1, 14, 'MALE', 'SHORT', 'FREE',   200, (2 * 60000) +  (18 * 1000) + (81 * 10)),
       (314, 1, 14, 'MALE', 'SHORT', 'FREE',   400, (4 * 60000) +  (56 * 1000) + (84 * 10)),
       (315, 1, 14, 'MALE', 'SHORT', 'FREE',   800, (10 * 60000) + (22 * 1000) + (95 * 10)),
       (316, 1, 14, 'MALE', 'SHORT', 'FREE',  1500, (19 * 60000) + (54 * 1000) + (30 * 10)),
       (317, 1, 14, 'MALE', 'SHORT', 'BACK',   100, (1 * 60000) +  (12 * 1000) + (49 * 10)),
       (318, 1, 14, 'MALE', 'SHORT', 'BACK',   200, (2 * 60000) +  (37 * 1000) + (5 * 10)),
       (319, 1, 14, 'MALE', 'SHORT', 'BREAST', 100, (1 * 60000) +  (22 * 1000) + (45 * 10)),
       (320, 1, 14, 'MALE', 'SHORT', 'BREAST', 200, (2 * 60000) +  (59 * 1000) + (76 * 10)),
       (321, 1, 14, 'MALE', 'SHORT', 'FLY',    100, (1 * 60000) +  (11 * 1000) + (40 * 10)),
       (322, 1, 14, 'MALE', 'SHORT', 'FLY',    200, (2 * 60000) +  (44 * 1000) + (77 * 10)),
       (323, 1, 14, 'MALE', 'SHORT', 'MEDLEY', 200, (2 * 60000) +  (37 * 1000) + (49 * 10)),
       (324, 1, 14, 'MALE', 'SHORT', 'MEDLEY', 400, (5 * 60000) +  (38 * 1000) + (60 * 10)),
       (325, 1, 14, 'MALE', 'LONG', 'FREE',    50,  (0 * 60000) +  (29 * 1000) + (56 * 10)),
       (326, 1, 14, 'MALE', 'LONG', 'FREE',    100, (1 * 60000) +  (4 * 1000) + (38 * 10)),
       (327, 1, 14, 'MALE', 'LONG', 'FREE',    200, (2 * 60000) +  (21 * 1000) + (58 * 10)),
       (328, 1, 14, 'MALE', 'LONG', 'FREE',    400, (5 * 60000) +  (2 * 1000) + (78 * 10)),
       (329, 1, 14, 'MALE', 'LONG', 'FREE',    800, (10 * 60000) + (35 * 1000) + (42 * 10)),
       (330, 1, 14, 'MALE', 'LONG', 'FREE',   1500, (20 * 60000) + (18 * 1000) + (18 * 10)),
       (331, 1, 14, 'MALE', 'LONG', 'BACK',    100, (1 * 60000) +  (13 * 1000) + (94 * 10)),
       (332, 1, 14, 'MALE', 'LONG', 'BACK',    200, (2 * 60000) +  (40 * 1000) + (19 * 10)),
       (333, 1, 14, 'MALE', 'LONG', 'BREAST',  100, (1 * 60000) +  (24 * 1000) + (10 * 10)),
       (334, 1, 14, 'MALE', 'LONG', 'BREAST',  200, (3 * 60000) +  (3 * 1000) + (36 * 10)),
       (335, 1, 14, 'MALE', 'LONG', 'FLY',     100, (1 * 60000) +  (12 * 1000) + (83 * 10)),
       (336, 1, 14, 'MALE', 'LONG', 'FLY',     200, (2 * 60000) +  (48 * 1000) + (7 * 10)),
       (337, 1, 14, 'MALE', 'LONG', 'MEDLEY',  200, (2 * 60000) +  (40 * 1000) + (63 * 10)),
       (338, 1, 14, 'MALE', 'LONG', 'MEDLEY',  400, (5 * 60000) +  (45 * 1000) + (38 * 10)),
       (339, 1, 15, 'MALE', 'SHORT', 'FREE',   50,  (0 * 60000) +  (28 * 1000) + (45 * 10)),
       (340, 1, 15, 'MALE', 'SHORT', 'FREE',   100, (1 * 60000) +  (1 * 1000) + (63 * 10)),
       (341, 1, 15, 'MALE', 'SHORT', 'FREE',   200, (2 * 60000) +  (14 * 1000) + (30 * 10)),
       (342, 1, 15, 'MALE', 'SHORT', 'FREE',   400, (4 * 60000) +  (48 * 1000) + (72 * 10)),
       (343, 1, 15, 'MALE', 'SHORT', 'FREE',   800, (10 * 60000) + (4 * 1000) + (63 * 10)),
       (344, 1, 15, 'MALE', 'SHORT', 'FREE',  1500, (19 * 60000) + (19 * 1000) + (16 * 10)),
       (345, 1, 15, 'MALE', 'SHORT', 'BACK',   100, (1 * 60000) +  (10 * 1000) + (60 * 10)),
       (346, 1, 15, 'MALE', 'SHORT', 'BACK',   200, (2 * 60000) +  (33 * 1000) + (41 * 10)),
       (347, 1, 15, 'MALE', 'SHORT', 'BREAST', 100, (1 * 60000) +  (21 * 1000) + (52 * 10)),
       (348, 1, 15, 'MALE', 'SHORT', 'BREAST', 200, (2 * 60000) +  (57 * 1000) + (21 * 10)),
       (349, 1, 15, 'MALE', 'SHORT', 'FLY',    100, (1 * 60000) +  (9 * 1000) + (18 * 10)),
       (350, 1, 15, 'MALE', 'SHORT', 'FLY',    200, (2 * 60000) +  (40 * 1000) + (31 * 10)),
       (351, 1, 15, 'MALE', 'SHORT', 'MEDLEY', 200, (2 * 60000) +  (33 * 1000) + (48 * 10)),
       (352, 1, 15, 'MALE', 'SHORT', 'MEDLEY', 400, (5 * 60000) +  (33 * 1000) + (28 * 10)),
       (353, 1, 15, 'MALE', 'LONG', 'FREE',    50,  (0 * 60000) +  (29 * 1000) + (2 * 10)),
       (354, 1, 15, 'MALE', 'LONG', 'FREE',    100, (1 * 60000) +  (2 * 1000) + (87 * 10)),
       (355, 1, 15, 'MALE', 'LONG', 'FREE',    200, (2 * 60000) +  (16 * 1000) + (98 * 10)),
       (356, 1, 15, 'MALE', 'LONG', 'FREE',    400, (4 * 60000) +  (54 * 1000) + (49 * 10)),
       (357, 1, 15, 'MALE', 'LONG', 'FREE',    800, (10 * 60000) + (16 * 1000) +  (72 * 10)),
       (358, 1, 15, 'MALE', 'LONG', 'FREE',   1500, (19 * 60000) + (42 * 1000) + (35 * 10)),
       (359, 1, 15, 'MALE', 'LONG', 'BACK',    100, (1 * 60000) +  (12 * 1000) + (2 * 10)),
       (360, 1, 15, 'MALE', 'LONG', 'BACK',    200, (2 * 60000) +  (36 * 1000) + (48 * 10)),
       (361, 1, 15, 'MALE', 'LONG', 'BREAST',  100, (1 * 60000) +  (23 * 1000) + (16 * 10)),
       (362, 1, 15, 'MALE', 'LONG', 'BREAST',  200, (3 * 60000) +  (0 * 1000) + (75 * 10)),
       (363, 1, 15, 'MALE', 'LONG', 'FLY',     100, (1 * 60000) +  (10 * 1000) + (57 * 10)),
       (364, 1, 15, 'MALE', 'LONG', 'FLY',     200, (2 * 60000) +  (43 * 1000) + (52 * 10)),
       (365, 1, 15, 'MALE', 'LONG', 'MEDLEY',  200, (2 * 60000) +  (36 * 1000) + (55 * 10)),
       (366, 1, 15, 'MALE', 'LONG', 'MEDLEY',  400, (5 * 60000) +  (39 * 1000) + (94 * 10)),
       (367, 1, 16, 'MALE', 'SHORT', 'FREE',   50,  (0 * 60000) +  (27 * 1000) + (39 * 10)),
       (368, 1, 16, 'MALE', 'SHORT', 'FREE',   100, (0 * 60000) +  (59 * 1000) + (68 * 10)),
       (369, 1, 16, 'MALE', 'SHORT', 'FREE',   200, (2 * 60000) +  (10 * 1000) + (43 * 10)),
       (370, 1, 16, 'MALE', 'SHORT', 'FREE',   400, (4 * 60000) +  (41 * 1000) + (91 * 10)),
       (371, 1, 16, 'MALE', 'SHORT', 'FREE',   800, (9 * 60000) + (48 * 1000) + (27 * 10)),
       (372, 1, 16, 'MALE', 'SHORT', 'FREE',  1500, (18 * 60000) + (47 * 1000) + (81 * 10)),
       (373, 1, 16, 'MALE', 'SHORT', 'BACK',   100, (1 * 60000) +  (7 * 1000) + (55 * 10)),
       (374, 1, 16, 'MALE', 'SHORT', 'BACK',   200, (2 * 60000) +  (26 * 1000) + (87 * 10)),
       (375, 1, 16, 'MALE', 'SHORT', 'BREAST', 100, (1 * 60000) +  (17 * 1000) + (90 * 10)),
       (376, 1, 16, 'MALE', 'SHORT', 'BREAST', 200, (2 * 60000) +  (49 * 1000) + (74 * 10)),
       (377, 1, 16, 'MALE', 'SHORT', 'FLY',    100, (1 * 60000) +  (6 * 1000) + (87 * 10)),
       (378, 1, 16, 'MALE', 'SHORT', 'FLY',    200, (2 * 60000) +  (30 * 1000) + (40 * 10)),
       (379, 1, 16, 'MALE', 'SHORT', 'MEDLEY', 200, (2 * 60000) +  (28 * 1000) + (83 * 10)),
       (380, 1, 16, 'MALE', 'SHORT', 'MEDLEY', 400, (5 * 60000) +  (25 * 1000) + (30 * 10)),
       (381, 1, 16, 'MALE', 'LONG', 'FREE',    50,  (0 * 60000) +  (27 * 1000) + (94 * 10)),
       (382, 1, 16, 'MALE', 'LONG', 'FREE',    100, (1 * 60000) +  (0 * 1000) + (87 * 10)),
       (383, 1, 16, 'MALE', 'LONG', 'FREE',    200, (2 * 60000) +  (13 * 1000) + (3 * 10)),
       (384, 1, 16, 'MALE', 'LONG', 'FREE',    400, (4 * 60000) +  (47 * 1000) + (55 * 10)),
       (385, 1, 16, 'MALE', 'LONG', 'FREE',    800, (10 * 60000) + (00 * 1000) +  (4 * 10)),
       (386, 1, 16, 'MALE', 'LONG', 'FREE',   1500, (19 * 60000) + (10 * 1000) + (37 * 10)),
       (387, 1, 16, 'MALE', 'LONG', 'BACK',    100, (1 * 60000) +  (8 * 1000) + (90 * 10)),
       (388, 1, 16, 'MALE', 'LONG', 'BACK',    200, (2 * 60000) +  (29 * 1000) + (81 * 10)),
       (389, 1, 16, 'MALE', 'LONG', 'BREAST',  100, (1 * 60000) +  (19 * 1000) + (46 * 10)),
       (390, 1, 16, 'MALE', 'LONG', 'BREAST',  200, (2 * 60000) +  (53 * 1000) + (14 * 10)),
       (391, 1, 16, 'MALE', 'LONG', 'FLY',     100, (1 * 60000) +  (8 * 1000) + (21 * 10)),
       (392, 1, 16, 'MALE', 'LONG', 'FLY',     200, (2 * 60000) +  (33 * 1000) + (41 * 10)),
       (393, 1, 16, 'MALE', 'LONG', 'MEDLEY',  200, (2 * 60000) +  (31 * 1000) + (81 * 10)),
       (394, 1, 16, 'MALE', 'LONG', 'MEDLEY',  400, (5 * 60000) +  (31 * 1000) + (80 * 10)),
       (395, 1, 17, 'MALE', 'SHORT', 'FREE',   50,  (0 * 60000) +  (27 * 1000) + (5 * 10)),
       (396, 1, 17, 'MALE', 'SHORT', 'FREE',   100, (0 * 60000) +  (58 * 1000) + (78 * 10)),
       (397, 1, 17, 'MALE', 'SHORT', 'FREE',   200, (2 * 60000) +  (8 * 1000) + (84 * 10)),
       (398, 1, 17, 'MALE', 'SHORT', 'FREE',   400, (4 * 60000) +  (37 * 1000) + (95 * 10)),
       (399, 1, 17, 'MALE', 'SHORT', 'FREE',   800, (9 * 60000) + (42 * 1000) + (38 * 10)),
       (400, 1, 17, 'MALE', 'SHORT', 'FREE',  1500, (18 * 60000) + (36 * 1000) + (53 * 10)),
       (401, 1, 17, 'MALE', 'SHORT', 'BACK',   100, (1 * 60000) +  (6 * 1000) + (79 * 10)),
       (402, 1, 17, 'MALE', 'SHORT', 'BACK',   200, (2 * 60000) +  (25 * 1000) + (30 * 10)),
       (403, 1, 17, 'MALE', 'SHORT', 'BREAST', 100, (1 * 60000) +  (17 * 1000) + (12 * 10)),
       (404, 1, 17, 'MALE', 'SHORT', 'BREAST', 200, (2 * 60000) +  (48 * 1000) + (3 * 10)),
       (405, 1, 17, 'MALE', 'SHORT', 'FLY',    100, (1 * 60000) +  (6 * 1000) + (19 * 10)),
       (406, 1, 17, 'MALE', 'SHORT', 'FLY',    200, (2 * 60000) +  (28 * 1000) + (89 * 10)),
       (407, 1, 17, 'MALE', 'SHORT', 'MEDLEY', 200, (2 * 60000) +  (26 * 1000) + (17 * 10)),
       (408, 1, 17, 'MALE', 'SHORT', 'MEDLEY', 400, (5 * 60000) +  (22 * 1000) + (5 * 10)),
       (409, 1, 17, 'MALE', 'LONG', 'FREE',    50,  (0 * 60000) +  (27 * 1000) + (59 * 10)),
       (410, 1, 17, 'MALE', 'LONG', 'FREE',    100, (0 * 60000) +  (59 * 1000) + (96 * 10)),
       (411, 1, 17, 'MALE', 'LONG', 'FREE',    200, (2 * 60000) +  (11 * 1000) + (42 * 10)),
       (412, 1, 17, 'MALE', 'LONG', 'FREE',    400, (4 * 60000) +  (43 * 1000) + (51 * 10)),
       (413, 1, 17, 'MALE', 'LONG', 'FREE',    800, (9 * 60000) + (54 * 1000) +  (4 * 10)),
       (414, 1, 17, 'MALE', 'LONG', 'FREE',   1500, (18 * 60000) + (58 * 1000) + (86 * 10)),
       (415, 1, 17, 'MALE', 'LONG', 'BACK',    100, (1 * 60000) +  (8 * 1000) + (13 * 10)),
       (416, 1, 17, 'MALE', 'LONG', 'BACK',    200, (2 * 60000) +  (28 * 1000) + (21 * 10)),
       (417, 1, 17, 'MALE', 'LONG', 'BREAST',  100, (1 * 60000) +  (18 * 1000) + (66 * 10)),
       (418, 1, 17, 'MALE', 'LONG', 'BREAST',  200, (2 * 60000) +  (51 * 1000) + (39 * 10)),
       (419, 1, 17, 'MALE', 'LONG', 'FLY',     100, (1 * 60000) +  (7 * 1000) + (52 * 10)),
       (420, 1, 17, 'MALE', 'LONG', 'FLY',     200, (2 * 60000) +  (31 * 1000) + (87 * 10)),
       (421, 1, 17, 'MALE', 'LONG', 'MEDLEY',  200, (2 * 60000) +  (29 * 1000) + (9 * 10)),
       (422, 1, 17, 'MALE', 'LONG', 'MEDLEY',  400, (5 * 60000) +  (28 * 1000) + (49 * 10));

-- Swim Ontario Festival Standards
insert into standard_time (id, time_standard, age, gender, course, stroke, distance, standard)
values (423, 2, 10, 'FEMALE', 'SHORT', 'FREE',   50,  (0 * 60000) +  (37 * 1000) + (38 * 10)),
       (424, 2, 10, 'FEMALE', 'SHORT', 'FREE',   100, (1 * 60000) +  (22 * 1000) + (89 * 10)),
       (425, 2, 10, 'FEMALE', 'SHORT', 'FREE',   200, (3 * 60000) +  (2 * 1000) + (60 * 10)),
       (426, 2, 10, 'FEMALE', 'SHORT', 'FREE',   400, (6 * 60000) +  (22 * 1000) + (48 * 10)),
       (427, 2, 10, 'FEMALE', 'SHORT', 'BACK',   100, (1 * 60000) +  (34 * 1000) + (81 * 10)),
       (428, 2, 10, 'FEMALE', 'SHORT', 'BACK',   200, (3 * 60000) +  (24 * 1000) + (78 * 10)),
       (429, 2, 10, 'FEMALE', 'SHORT', 'BREAST', 100, (1 * 60000) +  (47 * 1000) + (27 * 10)),
       (430, 2, 10, 'FEMALE', 'SHORT', 'FLY',    100, (1 * 60000) +  (40 * 1000) + (22 * 10)),
       (431, 2, 10, 'FEMALE', 'SHORT', 'MEDLEY', 100, (1 * 60000) +  (34 * 1000) + (12 * 10)),
       (432, 2, 10, 'FEMALE', 'SHORT', 'MEDLEY', 200, (3 * 60000) +  (27 * 1000) + (90 * 10)),
       (433, 2, 10, 'FEMALE', 'LONG', 'FREE',    50,  (0 * 60000) +  (38 * 1000) + (13 * 10)),
       (434, 2, 10, 'FEMALE', 'LONG', 'FREE',    100, (1 * 60000) +  (24 * 1000) + (55 * 10)),
       (435, 2, 10, 'FEMALE', 'LONG', 'FREE',    200, (3 * 60000) +  (6 * 1000) + (25 * 10)),
       (436, 2, 10, 'FEMALE', 'LONG', 'FREE',    400, (6 * 60000) +  (30 * 1000) + (13 * 10)),
       (437, 2, 10, 'FEMALE', 'LONG', 'BACK',    100, (1 * 60000) +  (36 * 1000) + (70 * 10)),
       (438, 2, 10, 'FEMALE', 'LONG', 'BACK',    200, (3 * 60000) +  (28 * 1000) + (88 * 10)),
       (439, 2, 10, 'FEMALE', 'LONG', 'BREAST',  100, (1 * 60000) +  (49 * 1000) +  (42 * 10)),
       (440, 2, 10, 'FEMALE', 'LONG', 'FLY',     100, (1 * 60000) +  (42 * 1000) + (22 * 10)),
       (441, 2, 10, 'FEMALE', 'LONG', 'MEDLEY',  200, (3 * 60000) +  (32 * 1000) + (6 * 10)),
       (442, 2, 11, 'FEMALE', 'SHORT', 'FREE',   50,  (0 * 60000) +  (33 * 1000) + (10 * 10)),
       (443, 2, 11, 'FEMALE', 'SHORT', 'FREE',   100, (1 * 60000) +  (12 * 1000) + (40 * 10)),
       (444, 2, 11, 'FEMALE', 'SHORT', 'FREE',   200, (2 * 60000) +  (38 * 1000) + (25 * 10)),
       (445, 2, 11, 'FEMALE', 'SHORT', 'FREE',   400, (5 * 60000) +  (40 * 1000) + (20 * 10)),
       (446, 2, 11, 'FEMALE', 'SHORT', 'FREE',   800, (11 * 60000) + (37 * 1000) + (8 * 10)),
       (447, 2, 11, 'FEMALE', 'SHORT', 'BACK',   100, (1 * 60000) +  (23 * 1000) + (25 * 10)),
       (448, 2, 11, 'FEMALE', 'SHORT', 'BACK',   200, (2 * 60000) +  (57 * 1000) + (89 * 10)),
       (449, 2, 11, 'FEMALE', 'SHORT', 'BREAST', 100, (1 * 60000) +  (36 * 1000) + (19 * 10)),
       (450, 2, 11, 'FEMALE', 'SHORT', 'BREAST', 200, (3 * 60000) +  (25 * 1000) + (82 * 10)),
       (451, 2, 11, 'FEMALE', 'SHORT', 'FLY',    100, (1 * 60000) +  (26 * 1000) + (36 * 10)),
       (452, 2, 11, 'FEMALE', 'SHORT', 'FLY',    200, (3 * 60000) +  (18 * 1000) + (58 * 10)),
       (453, 2, 11, 'FEMALE', 'SHORT', 'MEDLEY', 200, (3 * 60000) +  (1 * 1000) + (65 * 10)),
       (454, 2, 11, 'FEMALE', 'SHORT', 'MEDLEY', 400, (6 * 60000) +  (22 * 1000) + (67 * 10)),
       (455, 2, 11, 'FEMALE', 'LONG', 'FREE',    50,  (0 * 60000) +  (33 * 1000) + (76 * 10)),
       (456, 2, 11, 'FEMALE', 'LONG', 'FREE',    100, (1 * 60000) +  (13 * 1000) + (85 * 10)),
       (457, 2, 11, 'FEMALE', 'LONG', 'FREE',    200, (2 * 60000) +  (41 * 1000) + (41 * 10)),
       (458, 2, 11, 'FEMALE', 'LONG', 'FREE',    400, (5 * 60000) +  (47 * 1000) + (0 * 10)),
       (459, 2, 11, 'FEMALE', 'LONG', 'FREE',    800, (11 * 60000) + (51 * 1000) + (3 * 10)),
       (460, 2, 11, 'FEMALE', 'LONG', 'BACK',    100, (1 * 60000) +  (24 * 1000) + (92 * 10)),
       (461, 2, 11, 'FEMALE', 'LONG', 'BACK',    200, (3 * 60000) +  (01 * 1000) + (45 * 10)),
       (462, 2, 11, 'FEMALE', 'LONG', 'BREAST',  100, (1 * 60000) +  (38 * 1000) + (11 * 10)),
       (463, 2, 11, 'FEMALE', 'LONG', 'BREAST',  200, (3 * 60000) +  (29 * 1000) + (94 * 10)),
       (464, 2, 11, 'FEMALE', 'LONG', 'FLY',     100, (1 * 60000) +  (28 * 1000) + (8 * 10)),
       (465, 2, 11, 'FEMALE', 'LONG', 'FLY',     200, (3 * 60000) +  (22 * 1000) + (55 * 10)),
       (466, 2, 11, 'FEMALE', 'LONG', 'MEDLEY',  200, (3 * 60000) +  (5 * 1000) + (28 * 10)),
       (467, 2, 11, 'FEMALE', 'LONG', 'MEDLEY',  400, (6 * 60000) +  (30 * 1000) + (33 * 10)),
       (468, 2, 12, 'FEMALE', 'SHORT', 'FREE',   50,  (0 * 60000) +  (31 * 1000) + (54 * 10)),
       (469, 2, 12, 'FEMALE', 'SHORT', 'FREE',   100, (1 * 60000) +  (8 * 1000) + (26 * 10)),
       (470, 2, 12, 'FEMALE', 'SHORT', 'FREE',   200, (2 * 60000) +  (28 * 1000) + (93 * 10)),
       (471, 2, 12, 'FEMALE', 'SHORT', 'FREE',   400, (5 * 60000) +  (18 * 1000) + (15 * 10)),
       (472, 2, 12, 'FEMALE', 'SHORT', 'FREE',   800, (10 * 60000) + (46 * 1000) + (41 * 10)),
       (473, 2, 12, 'FEMALE', 'SHORT', 'BACK',   100, (1 * 60000) +  (18 * 1000) + (9 * 10)),
       (474, 2, 12, 'FEMALE', 'SHORT', 'BACK',   200, (2 * 60000) +  (47 * 1000) + (55 * 10)),
       (475, 2, 12, 'FEMALE', 'SHORT', 'BREAST', 100, (1 * 60000) +  (30 * 1000) + (50 * 10)),
       (476, 2, 12, 'FEMALE', 'SHORT', 'BREAST', 200, (3 * 60000) +  (13 * 1000) + (40 * 10)),
       (477, 2, 12, 'FEMALE', 'SHORT', 'FLY',    100, (1 * 60000) +  (20 * 1000) + (16 * 10)),
       (478, 2, 12, 'FEMALE', 'SHORT', 'FLY',    200, (3 * 60000) +  (2 * 1000) + (3 * 10)),
       (479, 2, 12, 'FEMALE', 'SHORT', 'MEDLEY', 200, (2 * 60000) +  (51 * 1000) + (15 * 10)),
       (480, 2, 12, 'FEMALE', 'SHORT', 'MEDLEY', 400, (6 * 60000) +  (0 * 1000) + (15 * 10)),
       (481, 2, 12, 'FEMALE', 'LONG', 'FREE',    50,  (0 * 60000) +  (32 * 1000) + (17 * 10)),
       (482, 2, 12, 'FEMALE', 'LONG', 'FREE',    100, (1 * 60000) +  (9 * 1000) + (63 * 10)),
       (483, 2, 12, 'FEMALE', 'LONG', 'FREE',    200, (2 * 60000) +  (31 * 1000) + (91 * 10)),
       (484, 2, 12, 'FEMALE', 'LONG', 'FREE',    400, (5 * 60000) +  (24 * 1000) + (51 * 10)),
       (485, 2, 12, 'FEMALE', 'LONG', 'FREE',    800, (10 * 60000) + (59 * 1000) + (34 * 10)),
       (486, 2, 12, 'FEMALE', 'LONG', 'BACK',    100, (1 * 60000) +  (19 * 1000) + (64 * 10)),
       (487, 2, 12, 'FEMALE', 'LONG', 'BACK',    200, (2 * 60000) +  (50 * 1000) + (90 * 10)),
       (488, 2, 12, 'FEMALE', 'LONG', 'BREAST',  100, (1 * 60000) +  (32 * 1000) + (31 * 10)),
       (489, 2, 12, 'FEMALE', 'LONG', 'BREAST',  200, (3 * 60000) +  (17 * 1000) + (27 * 10)),
       (490, 2, 12, 'FEMALE', 'LONG', 'FLY',     100, (1 * 60000) +  (21 * 1000) + (75 * 10)),
       (491, 2, 12, 'FEMALE', 'LONG', 'FLY',     200, (3 * 60000) +  (5 * 1000) + (67 * 10)),
       (492, 2, 12, 'FEMALE', 'LONG', 'MEDLEY',  200, (2 * 60000) +  (54 * 1000) + (57 * 10)),
       (493, 2, 12, 'FEMALE', 'LONG', 'MEDLEY',  400, (6 * 60000) +  (7 * 1000) + (35 * 10)),
       (494, 2, 10, 'MALE', 'SHORT', 'FREE',   50,  (0 * 60000) +  (36 * 1000) + (68 * 10)),
       (495, 2, 10, 'MALE', 'SHORT', 'FREE',   100, (1 * 60000) +  (24 * 1000) + (51 * 10)),
       (496, 2, 10, 'MALE', 'SHORT', 'FREE',   200, (3 * 60000) +  (8 * 1000) + (10 * 10)),
       (497, 2, 10, 'MALE', 'SHORT', 'FREE',   400, (6 * 60000) +  (32 * 1000) + (23 * 10)),
       (498, 2, 10, 'MALE', 'SHORT', 'BACK',   100, (1 * 60000) +  (37 * 1000) + (52 * 10)),
       (499, 2, 10, 'MALE', 'SHORT', 'BACK',   200, (3 * 60000) +  (34 * 1000) + (53 * 10)),
       (500, 2, 10, 'MALE', 'SHORT', 'BREAST', 100, (1 * 60000) +  (51 * 1000) + (61 * 10)),
       (501, 2, 10, 'MALE', 'SHORT', 'FLY',    100, (1 * 60000) +  (45 * 1000) + (11 * 10)),
       (502, 2, 10, 'MALE', 'SHORT', 'MEDLEY', 100, (1 * 60000) +  (36 * 1000) + (19 * 10)),
       (503, 2, 10, 'MALE', 'SHORT', 'MEDLEY', 200, (3 * 60000) +  (31 * 1000) + (20 * 10)),
       (504, 2, 10, 'MALE', 'LONG', 'FREE',    50,  (0 * 60000) +  (37 * 1000) + (93 * 10)),
       (505, 2, 10, 'MALE', 'LONG', 'FREE',    100, (1 * 60000) +  (26 * 1000) + (21 * 10)),
       (506, 2, 10, 'MALE', 'LONG', 'FREE',    200, (3 * 60000) +  (11 * 1000) + (86 * 10)),
       (507, 2, 10, 'MALE', 'LONG', 'FREE',    400, (6 * 60000) +  (40 * 1000) + (7 * 10)),
       (508, 2, 10, 'MALE', 'LONG', 'BACK',    100, (1 * 60000) +  (39 * 1000) + (46 * 10)),
       (509, 2, 10, 'MALE', 'LONG', 'BACK',    200, (3 * 60000) +  (38 * 1000) + (82 * 10)),
       (510, 2, 10, 'MALE', 'LONG', 'BREAST',  100, (1 * 60000) +  (53 * 1000) + (83 * 10)),
       (511, 2, 10, 'MALE', 'LONG', 'FLY',     100, (1 * 60000) +  (47 * 1000) + (21 * 10)),
       (512, 2, 10, 'MALE', 'LONG', 'MEDLEY',  200, (3 * 60000) +  (35 * 1000) + (42 * 10)),
       (513, 2, 11, 'MALE', 'SHORT', 'FREE',   50,  (0 * 60000) +  (33 * 1000) + (36 * 10)),
       (514, 2, 11, 'MALE', 'SHORT', 'FREE',   100, (1 * 60000) +  (13 * 1000) + (44 * 10)),
       (515, 2, 11, 'MALE', 'SHORT', 'FREE',   200, (2 * 60000) +  (41 * 1000) + (34 * 10)),
       (516, 2, 11, 'MALE', 'SHORT', 'FREE',   400, (5 * 60000) +  (46 * 1000) + (50 * 10)),
       (517, 2, 11, 'MALE', 'SHORT', 'FREE',   800, (12 * 60000) + (9 * 1000) + (15 * 10)),
       (518, 2, 11, 'MALE', 'SHORT', 'BACK',   100, (1 * 60000) +  (24 * 1000) + (29 * 10)),
       (519, 2, 11, 'MALE', 'SHORT', 'BACK',   200, (3 * 60000) +  (2 * 1000) + (3 * 10)),
       (520, 2, 11, 'MALE', 'SHORT', 'BREAST', 100, (1 * 60000) +  (38 * 1000) + (25 * 10)),
       (521, 2, 11, 'MALE', 'SHORT', 'BREAST', 200, (3 * 60000) +  (35 * 1000) + (12 * 10)),
       (522, 2, 11, 'MALE', 'SHORT', 'FLY',    100, (1 * 60000) +  (28 * 1000) + (95 * 10)),
       (523, 2, 11, 'MALE', 'SHORT', 'FLY',    200, (3 * 60000) +  (42 * 1000) + (37 * 10)),
       (524, 2, 11, 'MALE', 'SHORT', 'MEDLEY', 200, (3 * 60000) +  (3 * 1000) + (75 * 10)),
       (525, 2, 11, 'MALE', 'SHORT', 'MEDLEY', 400, (6 * 60000) +  (48 * 1000) + (53 * 10)),
       (526, 2, 11, 'MALE', 'LONG', 'FREE',    50,  (0 * 60000) +  (34 * 1000) + (3 * 10)),
       (527, 2, 11, 'MALE', 'LONG', 'FREE',    100, (1 * 60000) +  (14 * 1000) + (90 * 10)),
       (528, 2, 11, 'MALE', 'LONG', 'FREE',    200, (2 * 60000) +  (44 * 1000) + (57 * 10)),
       (529, 2, 11, 'MALE', 'LONG', 'FREE',    400, (5 * 60000) +  (53 * 1000) + (43 * 10)),
       (530, 2, 11, 'MALE', 'LONG', 'FREE',    800, (12 * 60000) + (23 * 1000) + (73 * 10)),
       (531, 2, 11, 'MALE', 'LONG', 'BACK',    100, (1 * 60000) +  (25 * 1000) + (97 * 10)),
       (532, 2, 11, 'MALE', 'LONG', 'BACK',    200, (3 * 60000) +  (5 * 1000) + (67 * 10)),
       (533, 2, 11, 'MALE', 'LONG', 'BREAST',  100, (1 * 60000) +  (40 * 1000) + (22 * 10)),
       (534, 2, 11, 'MALE', 'LONG', 'BREAST',  200, (3 * 60000) +  (39 * 1000) + (43 * 10)),
       (535, 2, 11, 'MALE', 'LONG', 'FLY',     100, (1 * 60000) +  (30 * 1000) + (72 * 10)),
       (536, 2, 11, 'MALE', 'LONG', 'FLY',     200, (3 * 60000) +  (46 * 1000) + (81 * 10)),
       (537, 2, 11, 'MALE', 'LONG', 'MEDLEY',  200, (3 * 60000) +  (7 * 1000) + (43 * 10)),
       (538, 2, 11, 'MALE', 'LONG', 'MEDLEY',  400, (6 * 60000) +  (56 * 1000) + (70 * 10)),
       (539, 2, 12, 'MALE', 'SHORT', 'FREE',   50,  (0 * 60000) +  (30 * 1000) + (82 * 10)),
       (540, 2, 12, 'MALE', 'SHORT', 'FREE',   100, (1 * 60000) +  (7 * 1000) + (75 * 10)),
       (541, 2, 12, 'MALE', 'SHORT', 'FREE',   200, (2 * 60000) +  (27 * 1000) + (90 * 10)),
       (542, 2, 12, 'MALE', 'SHORT', 'FREE',   400, (5 * 60000) +  (19 * 1000) + (20 * 10)),
       (543, 2, 12, 'MALE', 'SHORT', 'FREE',   800, (10 * 60000) + (54 * 1000) + (69 * 10)),
       (544, 2, 12, 'MALE', 'SHORT', 'BACK',   100, (1 * 60000) +  (19 * 1000) + (12 * 10)),
       (545, 2, 12, 'MALE', 'SHORT', 'BACK',   200, (2 * 60000) +  (48 * 1000) + (6 * 10)),
       (546, 2, 12, 'MALE', 'SHORT', 'BREAST', 100, (1 * 60000) +  (29 * 1000) + (99 * 10)),
       (547, 2, 12, 'MALE', 'SHORT', 'BREAST', 200, (3 * 60000) +  (13 * 1000) + (40 * 10)),
       (548, 2, 12, 'MALE', 'SHORT', 'FLY',    100, (1 * 60000) +  (19 * 1000) + (64 * 10)),
       (549, 2, 12, 'MALE', 'SHORT', 'FLY',    200, (3 * 60000) +  (5 * 1000) + (14 * 10)),
       (550, 2, 12, 'MALE', 'SHORT', 'MEDLEY', 200, (2 * 60000) +  (51 * 1000) + (15 * 10)),
       (551, 2, 12, 'MALE', 'SHORT', 'MEDLEY', 400, (6 * 60000) +  (7 * 1000) + (50 * 10)),
       (552, 2, 12, 'MALE', 'LONG', 'FREE',    50,  (0 * 60000) +  (31 * 1000) + (44 * 10)),
       (553, 2, 12, 'MALE', 'LONG', 'FREE',    100, (1 * 60000) +  (9 * 1000) + (10 * 10)),
       (554, 2, 12, 'MALE', 'LONG', 'FREE',    200, (2 * 60000) +  (30 * 1000) + (85 * 10)),
       (555, 2, 12, 'MALE', 'LONG', 'FREE',    400, (5 * 60000) +  (25 * 1000) + (58 * 10)),
       (556, 2, 12, 'MALE', 'LONG', 'FREE',    800, (11 * 60000) + (7 * 1000) + (78 * 10)),
       (557, 2, 12, 'MALE', 'LONG', 'BACK',    100, (1 * 60000) +  (20 * 1000) + (70 * 10)),
       (558, 2, 12, 'MALE', 'LONG', 'BACK',    200, (2 * 60000) +  (51 * 1000) + (42 * 10)),
       (559, 2, 12, 'MALE', 'LONG', 'BREAST',  100, (1 * 60000) +  (31 * 1000) + (78 * 10)),
       (560, 2, 12, 'MALE', 'LONG', 'BREAST',  200, (3 * 60000) +  (17 * 1000) + (27 * 10)),
       (561, 2, 12, 'MALE', 'LONG', 'FLY',     100, (1 * 60000) +  (21 * 1000) + (23 * 10)),
       (562, 2, 12, 'MALE', 'LONG', 'FLY',     200, (3 * 60000) +  (8 * 1000) + (83 * 10)),
       (563, 2, 12, 'MALE', 'LONG', 'MEDLEY',  200, (2 * 60000) +  (54 * 1000) + (57 * 10)),
       (564, 2, 12, 'MALE', 'LONG', 'MEDLEY',  400, (6 * 60000) +  (14 * 1000) + (85 * 10));
